date,usd_uzs
2015-01-01,2422.40
2015-01-02,2422.40
2015-01-03,2422.40
2015-01-04,2422.40
2015-01-05,2422.40
2015-01-06,2424.23
2015-01-07,2424.23
2015-01-08,2424.23
2015-01-09,2424.23
2015-01-10,2424.23
2015-01-11,2424.23
2015-01-12,2424.23
2015-01-13,2424.31
2015-01-14,2424.31
2015-01-15,2424.31
2015-01-16,2424.31
2015-01-17,2424.31
2015-01-18,2424.31
2015-01-19,2424.31
2015-01-20,2430.17
2015-01-21,2430.17
2015-01-22,2430.17
2015-01-23,2430.17
2015-01-24,2430.17
2015-01-25,2430.17
2015-01-26,2430.17
2015-01-27,2436.16
2015-01-28,2436.16
2015-01-29,2436.16
2015-01-30,2436.16
2015-01-31,2436.16
2015-02-01,2436.16
2015-02-02,2436.16
2015-02-03,2442.13
2015-02-04,2442.13
2015-02-05,2442.13
2015-02-06,2442.13
2015-02-07,2442.13
2015-02-08,2442.13
2015-02-09,2442.13
2015-02-10,2448.16
2015-02-11,2448.16
2015-02-12,2448.16
2015-02-13,2448.16
2015-02-14,2448.16
2015-02-15,2448.16
2015-02-16,2448.16
2015-02-17,2454.30
2015-02-18,2454.30
2015-02-19,2454.30
2015-02-20,2454.30
2015-02-21,2454.30
2015-02-22,2454.30
2015-02-23,2454.30
2015-02-24,2460.32
2015-02-25,2460.32
2015-02-26,2460.32
2015-02-27,2460.32
2015-02-28,2460.32
2015-03-01,2460.32
2015-03-02,2460.32
2015-03-03,2466.86
2015-03-04,2466.86
2015-03-05,2466.86
2015-03-06,2466.86
2015-03-07,2466.86
2015-03-08,2466.86
2015-03-09,2466.86
2015-03-10,2472.34
2015-03-11,2472.34
2015-03-12,2472.34
2015-03-13,2472.34
2015-03-14,2472.34
2015-03-15,2472.34
2015-03-16,2472.34
2015-03-17,2478.23
2015-03-18,2478.23
2015-03-19,2478.23
2015-03-20,2478.23
2015-03-21,2478.23
2015-03-22,2478.23
2015-03-23,2478.23
2015-03-24,2484.15
2015-03-25,2484.15
2015-03-26,2484.15
2015-03-27,2484.15
2015-03-28,2484.15
2015-03-29,2484.15
2015-03-30,2484.15
2015-03-31,2490.20
2015-04-01,2490.20
2015-04-02,2490.20
2015-04-03,2490.20
2015-04-04,2490.20
2015-04-05,2490.20
2015-04-06,2490.20
2015-04-07,2496.16
2015-04-08,2496.16
2015-04-09,2496.16
2015-04-10,2496.16
2015-04-11,2496.16
2015-04-12,2496.16
2015-04-13,2496.16
2015-04-14,2501.87
2015-04-15,2501.87
2015-04-16,2501.87
2015-04-17,2501.87
2015-04-18,2501.87
2015-04-19,2501.87
2015-04-20,2501.87
2015-04-21,2507.40
2015-04-22,2507.40
2015-04-23,2507.40
2015-04-24,2507.40
2015-04-25,2507.40
2015-04-26,2507.40
2015-04-27,2507.40
2015-04-28,2512.73
2015-04-29,2512.73
2015-04-30,2512.73
2015-05-01,2512.73
2015-05-02,2512.73
2015-05-03,2512.73
2015-05-04,2512.73
2015-05-05,2517.80
2015-05-06,2517.80
2015-05-07,2517.80
2015-05-08,2517.80
2015-05-09,2517.80
2015-05-10,2517.80
2015-05-11,2517.80
2015-05-12,2522.73
2015-05-13,2522.73
2015-05-14,2522.73
2015-05-15,2522.73
2015-05-16,2522.73
2015-05-17,2522.73
2015-05-18,2522.73
2015-05-19,2527.58
2015-05-20,2527.58
2015-05-21,2527.58
2015-05-22,2527.58
2015-05-23,2527.58
2015-05-24,2527.58
2015-05-25,2527.58
2015-05-26,2532.34
2015-05-27,2532.34
2015-05-28,2532.34
2015-05-29,2532.34
2015-05-30,2532.34
2015-05-31,2532.34
2015-06-01,2532.34
2015-06-02,2537.54
2015-06-03,2537.54
2015-06-04,2537.54
2015-06-05,2537.54
2015-06-06,2537.54
2015-06-07,2537.54
2015-06-08,2537.54
2015-06-09,2541.65
2015-06-10,2541.65
2015-06-11,2541.65
2015-06-12,2541.65
2015-06-13,2541.65
2015-06-14,2541.65
2015-06-15,2541.65
2015-06-16,2546.22
2015-06-17,2546.22
2015-06-18,2546.22
2015-06-19,2546.22
2015-06-20,2546.22
2015-06-21,2546.22
2015-06-22,2546.22
2015-06-23,2550.85
2015-06-24,2550.85
2015-06-25,2550.85
2015-06-26,2550.85
2015-06-27,2550.85
2015-06-28,2550.85
2015-06-29,2550.85
2015-06-30,2555.60
2015-07-01,2555.60
2015-07-02,2555.60
2015-07-03,2555.60
2015-07-04,2555.60
2015-07-05,2555.60
2015-07-06,2555.60
2015-07-07,2560.42
2015-07-08,2560.42
2015-07-09,2560.42
2015-07-10,2560.42
2015-07-11,2560.42
2015-07-12,2560.42
2015-07-13,2560.42
2015-07-14,2565.29
2015-07-15,2565.29
2015-07-16,2565.29
2015-07-17,2565.29
2015-07-18,2565.29
2015-07-19,2565.29
2015-07-20,2565.29
2015-07-21,2570.22
2015-07-22,2570.22
2015-07-23,2570.22
2015-07-24,2570.22
2015-07-25,2570.22
2015-07-26,2570.22
2015-07-27,2570.22
2015-07-28,2575.18
2015-07-29,2575.18
2015-07-30,2575.18
2015-07-31,2575.18
2015-08-01,2575.18
2015-08-02,2575.18
2015-08-03,2575.18
2015-08-04,2580.19
2015-08-05,2580.19
2015-08-06,2580.19
2015-08-07,2580.19
2015-08-08,2580.19
2015-08-09,2580.19
2015-08-10,2580.19
2015-08-11,2585.27
2015-08-12,2585.27
2015-08-13,2585.27
2015-08-14,2585.27
2015-08-15,2585.27
2015-08-16,2585.27
2015-08-17,2585.27
2015-08-18,2590.38
2015-08-19,2590.38
2015-08-20,2590.38
2015-08-21,2590.38
2015-08-22,2590.38
2015-08-23,2590.38
2015-08-24,2590.38
2015-08-25,2595.52
2015-08-26,2595.52
2015-08-27,2595.52
2015-08-28,2595.52
2015-08-29,2595.52
2015-08-30,2595.52
2015-08-31,2595.52
2015-09-01,2595.52
2015-09-02,2595.52
2015-09-03,2601.06
2015-09-04,2601.06
2015-09-05,2601.06
2015-09-06,2601.06
2015-09-07,2601.06
2015-09-08,2605.83
2015-09-09,2605.83
2015-09-10,2605.83
2015-09-11,2605.83
2015-09-12,2605.83
2015-09-13,2605.83
2015-09-14,2605.83
2015-09-15,2610.89
2015-09-16,2610.89
2015-09-17,2610.89
2015-09-18,2610.89
2015-09-19,2610.89
2015-09-20,2610.89
2015-09-21,2610.89
2015-09-22,2615.91
2015-09-23,2615.91
2015-09-24,2615.91
2015-09-25,2615.91
2015-09-26,2615.91
2015-09-27,2615.91
2015-09-28,2615.91
2015-09-29,2621.00
2015-09-30,2621.00
2015-10-01,2621.00
2015-10-02,2621.00
2015-10-03,2621.00
2015-10-04,2621.00
2015-10-05,2621.00
2015-10-06,2635.08
2015-10-07,2635.08
2015-10-08,2635.08
2015-10-09,2635.08
2015-10-10,2635.08
2015-10-11,2635.08
2015-10-12,2635.08
2015-10-13,2649.22
2015-10-14,2649.22
2015-10-15,2649.22
2015-10-16,2649.22
2015-10-17,2649.22
2015-10-18,2649.22
2015-10-19,2649.22
2015-10-20,2663.45
2015-10-21,2663.45
2015-10-22,2663.45
2015-10-23,2663.45
2015-10-24,2663.45
2015-10-25,2663.45
2015-10-26,2663.45
2015-10-27,2677.75
2015-10-28,2677.75
2015-10-29,2677.75
2015-10-30,2677.75
2015-10-31,2677.75
2015-11-01,2677.75
2015-11-02,2677.75
2015-11-03,2692.13
2015-11-04,2692.13
2015-11-05,2692.13
2015-11-06,2692.13
2015-11-07,2692.13
2015-11-08,2692.13
2015-11-09,2692.13
2015-11-10,2706.59
2015-11-11,2706.59
2015-11-12,2706.59
2015-11-13,2706.59
2015-11-14,2706.59
2015-11-15,2706.59
2015-11-16,2706.59
2015-11-17,2721.12
2015-11-18,2721.12
2015-11-19,2721.12
2015-11-20,2721.12
2015-11-21,2721.12
2015-11-22,2721.12
2015-11-23,2721.12
2015-11-24,2735.74
2015-11-25,2735.74
2015-11-26,2735.74
2015-11-27,2735.74
2015-11-28,2735.74
2015-11-29,2735.74
2015-11-30,2735.74
2015-12-01,2750.43
2015-12-02,2750.43
2015-12-03,2750.43
2015-12-04,2750.43
2015-12-05,2750.43
2015-12-06,2750.43
2015-12-07,2750.43
2015-12-08,2750.43
2015-12-09,2750.43
2015-12-10,2765.20
2015-12-11,2765.20
2015-12-12,2765.20
2015-12-13,2765.20
2015-12-14,2765.20
2015-12-15,2780.05
2015-12-16,2780.05
2015-12-17,2780.05
2015-12-18,2780.05
2015-12-19,2780.05
2015-12-20,2780.05
2015-12-21,2780.05
2015-12-22,2794.98
2015-12-23,2794.98
2015-12-24,2794.98
2015-12-25,2794.98
2015-12-26,2794.98
2015-12-27,2794.98
2015-12-28,2794.98
2015-12-29,2809.98
2015-12-30,2809.98
2015-12-31,2809.98
2016-01-01,2809.98
2016-01-02,2809.98
2016-01-03,2809.98
2016-01-04,2809.98
2016-01-05,2816.47
2016-01-06,2816.47
2016-01-07,2816.47
2016-01-08,2816.47
2016-01-09,2816.47
2016-01-10,2816.47
2016-01-11,2816.47
2016-01-12,2821.43
2016-01-13,2821.43
2016-01-14,2821.43
2016-01-15,2821.43
2016-01-16,2821.43
2016-01-17,2821.43
2016-01-18,2821.43
2016-01-19,2826.48
2016-01-20,2826.48
2016-01-21,2826.48
2016-01-22,2826.48
2016-01-23,2826.48
2016-01-24,2826.48
2016-01-25,2826.48
2016-01-26,2831.49
2016-01-27,2831.49
2016-01-28,2831.49
2016-01-29,2831.49
2016-01-30,2831.49
2016-01-31,2831.49
2016-02-01,2831.49
2016-02-02,2836.87
2016-02-03,2836.87
2016-02-04,2836.87
2016-02-05,2836.87
2016-02-06,2836.87
2016-02-07,2836.87
2016-02-08,2836.87
2016-02-09,2841.60
2016-02-10,2841.60
2016-02-11,2841.60
2016-02-12,2841.60
2016-02-13,2841.60
2016-02-14,2841.60
2016-02-15,2841.60
2016-02-16,2846.63
2016-02-17,2846.63
2016-02-18,2846.63
2016-02-19,2846.63
2016-02-20,2846.63
2016-02-21,2846.63
2016-02-22,2846.63
2016-02-23,2851.65
2016-02-24,2851.65
2016-02-25,2851.65
2016-02-26,2851.65
2016-02-27,2851.65
2016-02-28,2851.65
2016-02-29,2851.65
2016-03-01,2856.64
2016-03-02,2856.64
2016-03-03,2856.64
2016-03-04,2856.64
2016-03-05,2856.64
2016-03-06,2856.64
2016-03-07,2856.64
2016-03-08,2856.64
2016-03-09,2856.64
2016-03-10,2861.68
2016-03-11,2861.68
2016-03-12,2861.68
2016-03-13,2861.68
2016-03-14,2861.68
2016-03-15,2866.75
2016-03-16,2866.75
2016-03-17,2866.75
2016-03-18,2866.75
2016-03-19,2866.75
2016-03-20,2866.75
2016-03-21,2866.75
2016-03-22,2866.75
2016-03-23,2871.77
2016-03-24,2871.77
2016-03-25,2871.77
2016-03-26,2871.77
2016-03-27,2871.77
2016-03-28,2871.77
2016-03-29,2876.72
2016-03-30,2876.72
2016-03-31,2876.72
2016-04-01,2876.72
2016-04-02,2876.72
2016-04-03,2876.72
2016-04-04,2876.72
2016-04-05,2882.68
2016-04-06,2882.68
2016-04-07,2882.68
2016-04-08,2882.68
2016-04-09,2882.68
2016-04-10,2882.68
2016-04-11,2882.68
2016-04-12,2888.39
2016-04-13,2888.39
2016-04-14,2888.39
2016-04-15,2888.39
2016-04-16,2888.39
2016-04-17,2888.39
2016-04-18,2888.39
2016-04-19,2893.92
2016-04-20,2893.92
2016-04-21,2893.92
2016-04-22,2893.92
2016-04-23,2893.92
2016-04-24,2893.92
2016-04-25,2893.92
2016-04-26,2899.25
2016-04-27,2899.25
2016-04-28,2899.25
2016-04-29,2899.25
2016-04-30,2899.25
2016-05-01,2899.25
2016-05-02,2899.25
2016-05-03,2904.68
2016-05-04,2904.68
2016-05-05,2904.68
2016-05-06,2904.68
2016-05-07,2904.68
2016-05-08,2904.68
2016-05-09,2904.68
2016-05-10,2904.68
2016-05-11,2909.25
2016-05-12,2909.25
2016-05-13,2909.25
2016-05-14,2909.25
2016-05-15,2909.25
2016-05-16,2909.25
2016-05-17,2914.10
2016-05-18,2914.10
2016-05-19,2914.10
2016-05-20,2914.10
2016-05-21,2914.10
2016-05-22,2914.10
2016-05-23,2914.10
2016-05-24,2919.35
2016-05-25,2919.35
2016-05-26,2919.35
2016-05-27,2919.35
2016-05-28,2919.35
2016-05-29,2919.35
2016-05-30,2919.35
2016-05-31,2924.63
2016-06-01,2924.63
2016-06-02,2924.63
2016-06-03,2924.63
2016-06-04,2924.63
2016-06-05,2924.63
2016-06-06,2924.63
2016-06-07,2929.14
2016-06-08,2929.14
2016-06-09,2929.14
2016-06-10,2929.14
2016-06-11,2929.14
2016-06-12,2929.14
2016-06-13,2929.14
2016-06-14,2933.99
2016-06-15,2933.99
2016-06-16,2933.99
2016-06-17,2933.99
2016-06-18,2933.99
2016-06-19,2933.99
2016-06-20,2933.99
2016-06-21,2938.71
2016-06-22,2938.71
2016-06-23,2938.71
2016-06-24,2938.71
2016-06-25,2938.71
2016-06-26,2938.71
2016-06-27,2938.71
2016-06-28,2943.46
2016-06-29,2943.46
2016-06-30,2943.46
2016-07-01,2943.46
2016-07-02,2943.46
2016-07-03,2943.46
2016-07-04,2943.46
2016-07-05,2948.59
2016-07-06,2948.59
2016-07-07,2948.59
2016-07-08,2948.59
2016-07-09,2948.59
2016-07-10,2948.59
2016-07-11,2948.59
2016-07-12,2953.84
2016-07-13,2953.84
2016-07-14,2953.84
2016-07-15,2953.84
2016-07-16,2953.84
2016-07-17,2953.84
2016-07-18,2953.84
2016-07-19,2958.87
2016-07-20,2958.87
2016-07-21,2958.87
2016-07-22,2958.87
2016-07-23,2958.87
2016-07-24,2958.87
2016-07-25,2958.87
2016-07-26,2964.03
2016-07-27,2964.03
2016-07-28,2964.03
2016-07-29,2964.03
2016-07-30,2964.03
2016-07-31,2964.03
2016-08-01,2964.03
2016-08-02,2969.43
2016-08-03,2969.43
2016-08-04,2969.43
2016-08-05,2969.43
2016-08-06,2969.43
2016-08-07,2969.43
2016-08-08,2969.43
2016-08-09,2974.20
2016-08-10,2974.20
2016-08-11,2974.20
2016-08-12,2974.20
2016-08-13,2974.20
2016-08-14,2974.20
2016-08-15,2974.20
2016-08-16,2979.31
2016-08-17,2979.31
2016-08-18,2979.31
2016-08-19,2979.31
2016-08-20,2979.31
2016-08-21,2979.31
2016-08-22,2979.31
2016-08-23,2984.45
2016-08-24,2984.45
2016-08-25,2984.45
2016-08-26,2984.45
2016-08-27,2984.45
2016-08-28,2984.45
2016-08-29,2984.45
2016-08-30,2989.64
2016-08-31,2989.64
2016-09-01,2989.64
2016-09-02,2989.64
2016-09-03,2989.64
2016-09-04,2989.64
2016-09-05,2989.64
2016-09-06,2994.76
2016-09-07,2994.76
2016-09-08,2994.76
2016-09-09,2994.76
2016-09-10,2994.76
2016-09-11,2994.76
2016-09-12,2994.76
2016-09-13,2994.76
2016-09-14,3000.25
2016-09-15,3000.25
2016-09-16,3000.25
2016-09-17,3000.25
2016-09-18,3000.25
2016-09-19,3000.25
2016-09-20,3005.11
2016-09-21,3005.11
2016-09-22,3005.11
2016-09-23,3005.11
2016-09-24,3005.11
2016-09-25,3005.11
2016-09-26,3005.11
2016-09-27,3010.20
2016-09-28,3010.20
2016-09-29,3010.20
2016-09-30,3010.20
2016-10-01,3010.20
2016-10-02,3010.20
2016-10-03,3010.20
2016-10-04,3028.47
2016-10-05,3028.47
2016-10-06,3028.47
2016-10-07,3028.47
2016-10-08,3028.47
2016-10-09,3028.47
2016-10-10,3028.47
2016-10-11,3046.85
2016-10-12,3046.85
2016-10-13,3046.85
2016-10-14,3046.85
2016-10-15,3046.85
2016-10-16,3046.85
2016-10-17,3046.85
2016-10-18,3065.35
2016-10-19,3065.35
2016-10-20,3065.35
2016-10-21,3065.35
2016-10-22,3065.35
2016-10-23,3065.35
2016-10-24,3065.35
2016-10-25,3083.96
2016-10-26,3083.96
2016-10-27,3083.96
2016-10-28,3083.96
2016-10-29,3083.96
2016-10-30,3083.96
2016-10-31,3083.96
2016-11-01,3102.18
2016-11-02,3102.18
2016-11-03,3102.18
2016-11-04,3102.18
2016-11-05,3102.18
2016-11-06,3102.18
2016-11-07,3102.18
2016-11-08,3120.51
2016-11-09,3120.51
2016-11-10,3120.51
2016-11-11,3120.51
2016-11-12,3120.51
2016-11-13,3120.51
2016-11-14,3120.51
2016-11-15,3138.95
2016-11-16,3138.95
2016-11-17,3138.95
2016-11-18,3138.95
2016-11-19,3138.95
2016-11-20,3138.95
2016-11-21,3138.95
2016-11-22,3157.50
2016-11-23,3157.50
2016-11-24,3157.50
2016-11-25,3157.50
2016-11-26,3157.50
2016-11-27,3157.50
2016-11-28,3157.50
2016-11-29,3176.16
2016-11-30,3176.16
2016-12-01,3176.16
2016-12-02,3176.16
2016-12-03,3176.16
2016-12-04,3176.16
2016-12-05,3176.16
2016-12-06,3189.93
2016-12-07,3189.93
2016-12-08,3189.93
2016-12-09,3189.93
2016-12-10,3189.93
2016-12-11,3189.93
2016-12-12,3189.93
2016-12-13,3203.70
2016-12-14,3203.70
2016-12-15,3203.70
2016-12-16,3203.70
2016-12-17,3203.70
2016-12-18,3203.70
2016-12-19,3203.70
2016-12-20,3217.56
2016-12-21,3217.56
2016-12-22,3217.56
2016-12-23,3217.56
2016-12-24,3217.56
2016-12-25,3217.56
2016-12-26,3217.56
2016-12-27,3231.48
2016-12-28,3231.48
2016-12-29,3231.48
2016-12-30,3231.48
2016-12-31,3231.48
2017-01-01,3231.48
2017-01-02,3231.48
2017-01-03,3231.48
2017-01-04,3239.62
2017-01-05,3239.62
2017-01-06,3239.62
2017-01-07,3239.62
2017-01-08,3239.62
2017-01-09,3239.62
2017-01-10,3243.89
2017-01-11,3243.89
2017-01-12,3243.89
2017-01-13,3243.89
2017-01-14,3243.89
2017-01-15,3243.89
2017-01-16,3243.89
2017-01-17,3251.06
2017-01-18,3251.06
2017-01-19,3251.06
2017-01-20,3251.06
2017-01-21,3251.06
2017-01-22,3251.06
2017-01-23,3251.06
2017-01-24,3265.54
2017-01-25,3265.54
2017-01-26,3265.54
2017-01-27,3265.54
2017-01-28,3265.54
2017-01-29,3265.54
2017-01-30,3265.54
2017-01-31,3280.25
2017-02-01,3280.25
2017-02-02,3280.25
2017-02-03,3280.25
2017-02-04,3280.25
2017-02-05,3280.25
2017-02-06,3280.25
2017-02-07,3294.74
2017-02-08,3294.74
2017-02-09,3294.74
2017-02-10,3294.74
2017-02-11,3294.74
2017-02-12,3294.74
2017-02-13,3294.74
2017-02-14,3309.35
2017-02-15,3309.35
2017-02-16,3309.35
2017-02-17,3309.35
2017-02-18,3309.35
2017-02-19,3309.35
2017-02-20,3309.35
2017-02-21,3356.87
2017-02-22,3356.87
2017-02-23,3356.87
2017-02-24,3356.87
2017-02-25,3356.87
2017-02-26,3356.87
2017-02-27,3356.87
2017-02-28,3404.35
2017-03-01,3404.35
2017-03-02,3404.35
2017-03-03,3404.35
2017-03-04,3404.35
2017-03-05,3404.35
2017-03-06,3404.35
2017-03-07,3452.30
2017-03-08,3452.30
2017-03-09,3452.30
2017-03-10,3452.30
2017-03-11,3452.30
2017-03-12,3452.30
2017-03-13,3452.30
2017-03-14,3500.01
2017-03-15,3500.01
2017-03-16,3500.01
2017-03-17,3500.01
2017-03-18,3500.01
2017-03-19,3500.01
2017-03-20,3500.01
2017-03-21,3500.01
2017-03-22,3500.01
2017-03-23,3548.11
2017-03-24,3548.11
2017-03-25,3548.11
2017-03-26,3548.11
2017-03-27,3548.11
2017-03-28,3595.02
2017-03-29,3595.02
2017-03-30,3595.02
2017-03-31,3595.02
2017-04-01,3595.02
2017-04-02,3595.02
2017-04-03,3595.02
2017-04-04,3623.07
2017-04-05,3623.07
2017-04-06,3623.07
2017-04-07,3623.07
2017-04-08,3623.07
2017-04-09,3623.07
2017-04-10,3623.07
2017-04-11,3650.74
2017-04-12,3650.74
2017-04-13,3650.74
2017-04-14,3650.74
2017-04-15,3650.74
2017-04-16,3650.74
2017-04-17,3650.74
2017-04-18,3678.89
2017-04-19,3678.89
2017-04-20,3678.89
2017-04-21,3678.89
2017-04-22,3678.89
2017-04-23,3678.89
2017-04-24,3678.89
2017-04-25,3706.22
2017-04-26,3706.22
2017-04-27,3706.22
2017-04-28,3706.22
2017-04-29,3706.22
2017-04-30,3706.22
2017-05-01,3706.22
2017-05-02,3734.91
2017-05-03,3734.91
2017-05-04,3734.91
2017-05-05,3734.91
2017-05-06,3734.91
2017-05-07,3734.91
2017-05-08,3734.91
2017-05-09,3734.91
2017-05-10,3734.91
2017-05-11,3765.77
2017-05-12,3765.77
2017-05-13,3765.77
2017-05-14,3765.77
2017-05-15,3765.77
2017-05-16,3790.00
2017-05-17,3790.00
2017-05-18,3790.00
2017-05-19,3790.00
2017-05-20,3790.00
2017-05-21,3790.00
2017-05-22,3790.00
2017-05-23,3820.46
2017-05-24,3820.46
2017-05-25,3820.46
2017-05-26,3820.46
2017-05-27,3820.46
2017-05-28,3820.46
2017-05-29,3820.46
2017-05-30,3846.33
2017-05-31,3846.33
2017-06-01,3846.33
2017-06-02,3846.33
2017-06-03,3846.33
2017-06-04,3846.33
2017-06-05,3846.33
2017-06-06,3874.48
2017-06-07,3874.48
2017-06-08,3874.48
2017-06-09,3874.48
2017-06-10,3874.48
2017-06-11,3874.48
2017-06-12,3874.48
2017-06-13,3903.19
2017-06-14,3903.19
2017-06-15,3903.19
2017-06-16,3903.19
2017-06-17,3903.19
2017-06-18,3903.19
2017-06-19,3903.19
2017-06-20,3930.91
2017-06-21,3930.91
2017-06-22,3930.91
2017-06-23,3930.91
2017-06-24,3930.91
2017-06-25,3930.91
2017-06-26,3930.91
2017-06-27,3930.91
2017-06-28,3958.56
2017-06-29,3958.56
2017-06-30,3958.56
2017-07-01,3958.56
2017-07-02,3958.56
2017-07-03,3958.56
2017-07-04,3986.55
2017-07-05,3986.55
2017-07-06,3986.55
2017-07-07,3986.55
2017-07-08,3986.55
2017-07-09,3986.55
2017-07-10,3986.55
2017-07-11,4014.50
2017-07-12,4014.50
2017-07-13,4014.50
2017-07-14,4014.50
2017-07-15,4014.50
2017-07-16,4014.50
2017-07-17,4014.50
2017-07-18,4042.47
2017-07-19,4042.47
2017-07-20,4042.47
2017-07-21,4042.47
2017-07-22,4042.47
2017-07-23,4042.47
2017-07-24,4042.47
2017-07-25,4070.38
2017-07-26,4070.38
2017-07-27,4070.38
2017-07-28,4070.38
2017-07-29,4070.38
2017-07-30,4070.38
2017-07-31,4070.38
2017-08-01,4098.37
2017-08-02,4098.37
2017-08-03,4098.37
2017-08-04,4098.37
2017-08-05,4098.37
2017-08-06,4098.37
2017-08-07,4098.37
2017-08-08,4126.45
2017-08-09,4126.45
2017-08-10,4126.45
2017-08-11,4126.45
2017-08-12,4126.45
2017-08-13,4126.45
2017-08-14,4126.45
2017-08-15,4154.36
2017-08-16,4154.36
2017-08-17,4154.36
2017-08-18,4154.36
2017-08-19,4154.36
2017-08-20,4154.36
2017-08-21,4154.36
2017-08-22,4182.30
2017-08-23,4182.30
2017-08-24,4182.30
2017-08-25,4182.30
2017-08-26,4182.30
2017-08-27,4182.30
2017-08-28,4182.30
2017-08-29,4210.35
2017-08-30,4210.35
2017-08-31,4210.35
2017-09-01,4210.35
2017-09-02,4210.35
2017-09-03,4210.35
2017-09-04,4210.35
2017-09-05,8100.00
2017-09-06,8100.00
2017-09-07,8100.00
2017-09-08,8100.00
2017-09-09,8100.00
2017-09-10,8100.00
2017-09-11,8100.00
2017-09-12,8092.13
2017-09-13,8092.13
2017-09-14,8092.13
2017-09-15,8092.13
2017-09-16,8092.13
2017-09-17,8092.13
2017-09-18,8092.13
2017-09-19,8077.48
2017-09-20,8077.48
2017-09-21,8077.48
2017-09-22,8077.48
2017-09-23,8077.48
2017-09-24,8077.48
2017-09-25,8077.48
2017-09-26,8066.96
2017-09-27,8066.96
2017-09-28,8066.96
2017-09-29,8066.96
2017-09-30,8066.96
2017-10-01,8066.96
2017-10-02,8066.96
2017-10-03,8060.80
2017-10-04,8060.80
2017-10-05,8060.80
2017-10-06,8060.80
2017-10-07,8060.80
2017-10-08,8060.80
2017-10-09,8060.80
2017-10-10,8052.08
2017-10-11,8052.08
2017-10-12,8052.08
2017-10-13,8052.08
2017-10-14,8052.08
2017-10-15,8052.08
2017-10-16,8052.08
2017-10-17,8058.77
2017-10-18,8058.77
2017-10-19,8058.77
2017-10-20,8058.77
2017-10-21,8058.77
2017-10-22,8058.77
2017-10-23,8058.77
2017-10-24,8069.61
2017-10-25,8069.61
2017-10-26,8069.61
2017-10-27,8069.61
2017-10-28,8069.61
2017-10-29,8069.61
2017-10-30,8069.61
2017-10-31,8078.12
2017-11-01,8078.12
2017-11-02,8078.12
2017-11-03,8078.12
2017-11-04,8078.12
2017-11-05,8078.12
2017-11-06,8078.12
2017-11-07,8067.62
2017-11-08,8067.62
2017-11-09,8067.62
2017-11-10,8067.62
2017-11-11,8067.62
2017-11-12,8067.62
2017-11-13,8067.62
2017-11-14,8069.29
2017-11-15,8069.29
2017-11-16,8069.29
2017-11-17,8069.29
2017-11-18,8069.29
2017-11-19,8069.29
2017-11-20,8069.29
2017-11-21,8085.11
2017-11-22,8085.11
2017-11-23,8085.11
2017-11-24,8085.11
2017-11-25,8085.11
2017-11-26,8085.11
2017-11-27,8085.11
2017-11-28,8095.88
2017-11-29,8095.88
2017-11-30,8095.88
2017-12-01,8095.88
2017-12-02,8095.88
2017-12-03,8095.88
2017-12-04,8095.88
2017-12-05,8096.33
2017-12-06,8096.33
2017-12-07,8096.33
2017-12-08,8096.33
2017-12-09,8096.33
2017-12-10,8096.33
2017-12-11,8096.33
2017-12-12,8093.00
2017-12-13,8093.00
2017-12-14,8093.00
2017-12-15,8093.00
2017-12-16,8093.00
2017-12-17,8093.00
2017-12-18,8093.00
2017-12-19,8101.62
2017-12-20,8101.62
2017-12-21,8101.62
2017-12-22,8101.62
2017-12-23,8101.62
2017-12-24,8101.62
2017-12-25,8101.62
2017-12-26,8120.07
2017-12-27,8120.07
2017-12-28,8120.07
2017-12-29,8120.07
2017-12-30,8120.07
2017-12-31,8120.07
2018-01-01,8120.07
2018-01-02,8120.07
2018-01-03,8120.07
2018-01-04,8120.07
2018-01-05,8136.67
2018-01-06,8136.67
2018-01-07,8136.67
2018-01-08,8136.67
2018-01-09,8139.00
2018-01-10,8139.00
2018-01-11,8139.00
2018-01-12,8139.00
2018-01-13,8139.00
2018-01-14,8139.00
2018-01-15,8139.00
2018-01-16,8146.38
2018-01-17,8146.38
2018-01-18,8146.38
2018-01-19,8146.38
2018-01-20,8146.38
2018-01-21,8146.38
2018-01-22,8146.38
2018-01-23,8163.93
2018-01-24,8163.93
2018-01-25,8163.93
2018-01-26,8163.93
2018-01-27,8163.93
2018-01-28,8163.93
2018-01-29,8163.93
2018-01-30,8175.77
2018-01-31,8175.77
2018-02-01,8175.77
2018-02-02,8175.77
2018-02-03,8175.77
2018-02-04,8175.77
2018-02-05,8175.77
2018-02-06,8186.95
2018-02-07,8186.95
2018-02-08,8186.95
2018-02-09,8186.95
2018-02-10,8186.95
2018-02-11,8186.95
2018-02-12,8186.95
2018-02-13,8188.33
2018-02-14,8188.33
2018-02-15,8188.33
2018-02-16,8188.33
2018-02-17,8188.33
2018-02-18,8188.33
2018-02-19,8188.33
2018-02-20,8182.73
2018-02-21,8182.73
2018-02-22,8182.73
2018-02-23,8182.73
2018-02-24,8182.73
2018-02-25,8182.73
2018-02-26,8182.73
2018-02-27,8171.64
2018-02-28,8171.64
2018-03-01,8171.64
2018-03-02,8171.64
2018-03-03,8171.64
2018-03-04,8171.64
2018-03-05,8171.64
2018-03-06,8163.46
2018-03-07,8163.46
2018-03-08,8163.46
2018-03-09,8163.46
2018-03-10,8163.46
2018-03-11,8163.46
2018-03-12,8163.46
2018-03-13,8140.06
2018-03-14,8140.06
2018-03-15,8140.06
2018-03-16,8140.06
2018-03-17,8140.06
2018-03-18,8140.06
2018-03-19,8140.06
2018-03-20,8140.06
2018-03-21,8140.06
2018-03-22,8140.06
2018-03-23,8118.07
2018-03-24,8118.07
2018-03-25,8118.07
2018-03-26,8118.07
2018-03-27,8114.86
2018-03-28,8114.86
2018-03-29,8114.86
2018-03-30,8114.86
2018-03-31,8114.86
2018-04-01,8114.86
2018-04-02,8114.86
2018-04-03,8100.92
2018-04-04,8100.92
2018-04-05,8100.92
2018-04-06,8100.92
2018-04-07,8100.92
2018-04-08,8100.92
2018-04-09,8100.92
2018-04-10,8094.99
2018-04-11,8094.99
2018-04-12,8094.99
2018-04-13,8094.99
2018-04-14,8094.99
2018-04-15,8094.99
2018-04-16,8094.99
2018-04-17,8077.26
2018-04-18,8077.26
2018-04-19,8077.26
2018-04-20,8077.26
2018-04-21,8077.26
2018-04-22,8077.26
2018-04-23,8077.26
2018-04-24,8068.17
2018-04-25,8068.17
2018-04-26,8068.17
2018-04-27,8068.17
2018-04-28,8068.17
2018-04-29,8068.17
2018-04-30,8068.17
2018-05-01,8068.20
2018-05-02,8068.20
2018-05-03,8068.20
2018-05-04,8068.20
2018-05-05,8068.20
2018-05-06,8068.20
2018-05-07,8068.20
2018-05-08,8059.24
2018-05-09,8059.24
2018-05-10,8059.24
2018-05-11,8059.24
2018-05-12,8059.24
2018-05-13,8059.24
2018-05-14,8059.24
2018-05-15,8025.83
2018-05-16,8025.83
2018-05-17,8025.83
2018-05-18,8025.83
2018-05-19,8025.83
2018-05-20,8025.83
2018-05-21,8025.83
2018-05-22,7997.95
2018-05-23,7997.95
2018-05-24,7997.95
2018-05-25,7997.95
2018-05-26,7997.95
2018-05-27,7997.95
2018-05-28,7997.95
2018-05-29,7982.25
2018-05-30,7982.25
2018-05-31,7982.25
2018-06-01,7982.25
2018-06-02,7982.25
2018-06-03,7982.25
2018-06-04,7982.25
2018-06-05,7944.07
2018-06-06,7944.07
2018-06-07,7944.07
2018-06-08,7944.07
2018-06-09,7944.07
2018-06-10,7944.07
2018-06-11,7944.07
2018-06-12,7909.37
2018-06-13,7909.37
2018-06-14,7909.37
2018-06-15,7909.37
2018-06-16,7909.37
2018-06-17,7909.37
2018-06-18,7909.37
2018-06-19,7883.99
2018-06-20,7883.99
2018-06-21,7883.99
2018-06-22,7883.99
2018-06-23,7883.99
2018-06-24,7883.99
2018-06-25,7883.99
2018-06-26,7871.66
2018-06-27,7871.66
2018-06-28,7871.66
2018-06-29,7871.66
2018-06-30,7871.66
2018-07-01,7871.66
2018-07-02,7871.66
2018-07-03,7846.27
2018-07-04,7846.27
2018-07-05,7846.27
2018-07-06,7846.27
2018-07-07,7846.27
2018-07-08,7846.27
2018-07-09,7846.27
2018-07-10,7813.42
2018-07-11,7813.42
2018-07-12,7813.42
2018-07-13,7813.42
2018-07-14,7813.42
2018-07-15,7813.42
2018-07-16,7813.42
2018-07-17,7787.81
2018-07-18,7787.81
2018-07-19,7787.81
2018-07-20,7787.81
2018-07-21,7787.81
2018-07-22,7787.81
2018-07-23,7787.81
2018-07-24,7789.38
2018-07-25,7789.38
2018-07-26,7789.38
2018-07-27,7789.38
2018-07-28,7789.38
2018-07-29,7789.38
2018-07-30,7789.38
2018-07-31,7791.88
2018-08-01,7791.88
2018-08-02,7791.88
2018-08-03,7791.88
2018-08-04,7791.88
2018-08-05,7791.88
2018-08-06,7791.88
2018-08-07,7783.05
2018-08-08,7783.05
2018-08-09,7783.05
2018-08-10,7783.05
2018-08-11,7783.05
2018-08-12,7783.05
2018-08-13,7783.05
2018-08-14,7790.20
2018-08-15,7790.20
2018-08-16,7790.20
2018-08-17,7790.20
2018-08-18,7790.20
2018-08-19,7790.20
2018-08-20,7790.20
2018-08-21,7803.79
2018-08-22,7803.79
2018-08-23,7803.79
2018-08-24,7803.79
2018-08-25,7803.79
2018-08-26,7803.79
2018-08-27,7803.79
2018-08-28,7827.23
2018-08-29,7827.23
2018-08-30,7827.23
2018-08-31,7827.23
2018-09-01,7827.23
2018-09-02,7827.23
2018-09-03,7827.23
2018-09-04,7827.23
2018-09-05,7827.23
2018-09-06,7842.93
2018-09-07,7842.93
2018-09-08,7842.93
2018-09-09,7842.93
2018-09-10,7842.93
2018-09-11,7862.17
2018-09-12,7862.17
2018-09-13,7862.17
2018-09-14,7862.17
2018-09-15,7862.17
2018-09-16,7862.17
2018-09-17,7862.17
2018-09-18,8039.00
2018-09-19,8039.00
2018-09-20,8039.00
2018-09-21,8039.00
2018-09-22,8039.00
2018-09-23,8039.00
2018-09-24,8039.00
2018-09-25,8079.28
2018-09-26,8079.28
2018-09-27,8079.28
2018-09-28,8079.28
2018-09-29,8079.28
2018-09-30,8079.28
2018-10-01,8079.28
2018-10-02,8079.28
2018-10-03,8179.66
2018-10-04,8179.66
2018-10-05,8179.66
2018-10-06,8179.66
2018-10-07,8179.66
2018-10-08,8179.66
2018-10-09,8181.08
2018-10-10,8181.08
2018-10-11,8181.08
2018-10-12,8181.08
2018-10-13,8181.08
2018-10-14,8181.08
2018-10-15,8181.08
2018-10-16,8208.04
2018-10-17,8208.04
2018-10-18,8208.04
2018-10-19,8208.04
2018-10-20,8208.04
2018-10-21,8208.04
2018-10-22,8208.04
2018-10-23,8226.10
2018-10-24,8226.10
2018-10-25,8226.10
2018-10-26,8226.10
2018-10-27,8226.10
2018-10-28,8226.10
2018-10-29,8226.10
2018-10-30,8236.87
2018-10-31,8236.87
2018-11-01,8236.87
2018-11-02,8236.87
2018-11-03,8236.87
2018-11-04,8236.87
2018-11-05,8236.87
2018-11-06,8249.97
2018-11-07,8249.97
2018-11-08,8249.97
2018-11-09,8249.97
2018-11-10,8249.97
2018-11-11,8249.97
2018-11-12,8249.97
2018-11-13,8271.27
2018-11-14,8271.27
2018-11-15,8271.27
2018-11-16,8271.27
2018-11-17,8271.27
2018-11-18,8271.27
2018-11-19,8271.27
2018-11-20,8277.53
2018-11-21,8277.53
2018-11-22,8277.53
2018-11-23,8277.53
2018-11-24,8277.53
2018-11-25,8277.53
2018-11-26,8277.53
2018-11-27,8299.20
2018-11-28,8299.20
2018-11-29,8299.20
2018-11-30,8299.20
2018-12-01,8299.20
2018-12-02,8299.20
2018-12-03,8299.20
2018-12-04,8314.85
2018-12-05,8314.85
2018-12-06,8314.85
2018-12-07,8314.85
2018-12-08,8314.85
2018-12-09,8314.85
2018-12-10,8314.85
2018-12-11,8312.64
2018-12-12,8312.64
2018-12-13,8312.64
2018-12-14,8312.64
2018-12-15,8312.64
2018-12-16,8312.64
2018-12-17,8312.64
2018-12-18,8325.59
2018-12-19,8325.59
2018-12-20,8325.59
2018-12-21,8325.59
2018-12-22,8325.59
2018-12-23,8325.59
2018-12-24,8325.59
2018-12-25,8339.55
2018-12-26,8339.55
2018-12-27,8339.55
2018-12-28,8339.55
2018-12-29,8339.55
2018-12-30,8339.55
2018-12-31,8339.55
2019-01-01,8336.25
2019-01-02,8336.25
2019-01-03,8336.25
2019-01-04,8336.25
2019-01-05,8336.25
2019-01-06,8336.25
2019-01-07,8336.25
2019-01-08,8337.07
2019-01-09,8337.07
2019-01-10,8337.07
2019-01-11,8337.07
2019-01-12,8337.07
2019-01-13,8337.07
2019-01-14,8337.07
2019-01-15,8356.18
2019-01-16,8356.18
2019-01-17,8356.18
2019-01-18,8356.18
2019-01-19,8356.18
2019-01-20,8356.18
2019-01-21,8356.18
2019-01-22,8378.18
2019-01-23,8378.18
2019-01-24,8378.18
2019-01-25,8378.18
2019-01-26,8378.18
2019-01-27,8378.18
2019-01-28,8378.18
2019-01-29,8384.94
2019-01-30,8384.94
2019-01-31,8384.94
2019-02-01,8384.94
2019-02-02,8384.94
2019-02-03,8384.94
2019-02-04,8384.94
2019-02-05,8401.53
2019-02-06,8401.53
2019-02-07,8401.53
2019-02-08,8401.53
2019-02-09,8401.53
2019-02-10,8401.53
2019-02-11,8401.53
2019-02-12,8395.15
2019-02-13,8395.15
2019-02-14,8395.15
2019-02-15,8395.15
2019-02-16,8395.15
2019-02-17,8395.15
2019-02-18,8395.15
2019-02-19,8392.20
2019-02-20,8392.20
2019-02-21,8392.20
2019-02-22,8392.20
2019-02-23,8392.20
2019-02-24,8392.20
2019-02-25,8392.20
2019-02-26,8403.19
2019-02-27,8403.19
2019-02-28,8403.19
2019-03-01,8403.19
2019-03-02,8403.19
2019-03-03,8403.19
2019-03-04,8403.19
2019-03-05,8392.96
2019-03-06,8392.96
2019-03-07,8392.96
2019-03-08,8392.96
2019-03-09,8392.96
2019-03-10,8392.96
2019-03-11,8392.96
2019-03-12,8374.10
2019-03-13,8374.10
2019-03-14,8374.10
2019-03-15,8374.10
2019-03-16,8374.10
2019-03-17,8374.10
2019-03-18,8374.10
2019-03-19,8378.04
2019-03-20,8378.04
2019-03-21,8378.04
2019-03-22,8378.04
2019-03-23,8378.04
2019-03-24,8378.04
2019-03-25,8378.04
2019-03-26,8389.97
2019-03-27,8389.97
2019-03-28,8389.97
2019-03-29,8389.97
2019-03-30,8389.97
2019-03-31,8389.97
2019-04-01,8389.97
2019-04-02,8419.62
2019-04-03,8419.62
2019-04-04,8419.62
2019-04-05,8419.62
2019-04-06,8419.62
2019-04-07,8419.62
2019-04-08,8419.62
2019-04-09,8451.37
2019-04-10,8451.37
2019-04-11,8451.37
2019-04-12,8451.37
2019-04-13,8451.37
2019-04-14,8451.37
2019-04-15,8451.37
2019-04-16,8455.37
2019-04-17,8455.37
2019-04-18,8455.37
2019-04-19,8455.37
2019-04-20,8455.37
2019-04-21,8455.37
2019-04-22,8455.37
2019-04-23,8441.36
2019-04-24,8441.36
2019-04-25,8441.36
2019-04-26,8441.36
2019-04-27,8441.36
2019-04-28,8441.36
2019-04-29,8441.36
2019-04-30,8445.49
2019-05-01,8445.49
2019-05-02,8445.49
2019-05-03,8445.49
2019-05-04,8445.49
2019-05-05,8445.49
2019-05-06,8445.49
2019-05-07,8448.89
2019-05-08,8448.89
2019-05-09,8448.89
2019-05-10,8448.89
2019-05-11,8448.89
2019-05-12,8448.89
2019-05-13,8448.89
2019-05-14,8458.16
2019-05-15,8458.16
2019-05-16,8458.16
2019-05-17,8458.16
2019-05-18,8458.16
2019-05-19,8458.16
2019-05-20,8458.16
2019-05-21,8460.92
2019-05-22,8460.92
2019-05-23,8460.92
2019-05-24,8460.92
2019-05-25,8460.92
2019-05-26,8460.92
2019-05-27,8460.92
2019-05-28,8485.91
2019-05-29,8485.91
2019-05-30,8485.91
2019-05-31,8485.91
2019-06-01,8485.91
2019-06-02,8485.91
2019-06-03,8485.91
2019-06-04,8513.57
2019-06-05,8513.57
2019-06-06,8513.57
2019-06-07,8513.57
2019-06-08,8513.57
2019-06-09,8513.57
2019-06-10,8513.57
2019-06-11,8518.68
2019-06-12,8518.68
2019-06-13,8518.68
2019-06-14,8518.68
2019-06-15,8518.68
2019-06-16,8518.68
2019-06-17,8518.68
2019-06-18,8535.74
2019-06-19,8535.74
2019-06-20,8535.74
2019-06-21,8535.74
2019-06-22,8535.74
2019-06-23,8535.74
2019-06-24,8535.74
2019-06-25,8562.34
2019-06-26,8562.34
2019-06-27,8562.34
2019-06-28,8562.34
2019-06-29,8562.34
2019-06-30,8562.34
2019-07-01,8562.34
2019-07-02,8574.74
2019-07-03,8574.74
2019-07-04,8574.74
2019-07-05,8574.74
2019-07-06,8574.74
2019-07-07,8574.74
2019-07-08,8574.74
2019-07-09,8578.36
2019-07-10,8578.36
2019-07-11,8578.36
2019-07-12,8578.36
2019-07-13,8578.36
2019-07-14,8578.36
2019-07-15,8578.36
2019-07-16,8584.50
2019-07-17,8584.50
2019-07-18,8584.50
2019-07-19,8584.50
2019-07-20,8584.50
2019-07-21,8584.50
2019-07-22,8584.50
2019-07-23,8624.51
2019-07-24,8624.51
2019-07-25,8624.51
2019-07-26,8624.51
2019-07-27,8624.51
2019-07-28,8624.51
2019-07-29,8624.51
2019-07-30,8666.71
2019-07-31,8666.71
2019-08-01,8666.71
2019-08-02,8666.71
2019-08-03,8666.71
2019-08-04,8666.71
2019-08-05,8666.71
2019-08-06,8704.87
2019-08-07,8704.87
2019-08-08,8704.87
2019-08-09,8704.87
2019-08-10,8882.00
2019-08-11,8882.00
2019-08-12,8882.00
2019-08-13,8882.00
2019-08-14,8882.00
2019-08-15,8882.00
2019-08-16,9061.00
2019-08-17,9061.00
2019-08-18,9061.00
2019-08-19,9061.00
2019-08-20,9061.00
2019-08-21,9384.00
2019-08-22,9384.00
2019-08-23,9384.00
2019-08-24,9384.00
2019-08-25,9384.00
2019-08-26,9384.00
2019-08-27,9373.93
2019-08-28,9373.93
2019-08-29,9373.93
2019-08-30,9373.93
2019-08-31,9373.93
2019-09-01,9373.93
2019-09-02,9373.93
2019-09-03,9373.93
2019-09-04,9373.93
2019-09-05,9384.57
2019-09-06,9384.57
2019-09-07,9384.57
2019-09-08,9384.57
2019-09-09,9384.57
2019-09-10,9395.63
2019-09-11,9395.63
2019-09-12,9395.63
2019-09-13,9395.63
2019-09-14,9395.63
2019-09-15,9395.63
2019-09-16,9395.63
2019-09-17,9411.30
2019-09-18,9411.30
2019-09-19,9411.30
2019-09-20,9411.30
2019-09-21,9411.30
2019-09-22,9411.30
2019-09-23,9411.30
2019-09-24,9424.54
2019-09-25,9424.54
2019-09-26,9424.54
2019-09-27,9424.54
2019-09-28,9424.54
2019-09-29,9424.54
2019-09-30,9424.54
2019-10-01,9446.65
2019-10-02,9446.65
2019-10-03,9446.65
2019-10-04,9446.65
2019-10-05,9446.65
2019-10-06,9446.65
2019-10-07,9446.65
2019-10-08,9433.34
2019-10-09,9433.34
2019-10-10,9433.34
2019-10-11,9433.34
2019-10-12,9433.34
2019-10-13,9433.34
2019-10-14,9433.34
2019-10-15,9455.24
2019-10-16,9455.24
2019-10-17,9455.24
2019-10-18,9455.24
2019-10-19,9455.24
2019-10-20,9455.24
2019-10-21,9455.24
2019-10-22,9448.53
2019-10-23,9448.53
2019-10-24,9448.53
2019-10-25,9448.53
2019-10-26,9448.53
2019-10-27,9448.53
2019-10-28,9448.53
2019-10-29,9463.37
2019-10-30,9463.37
2019-10-31,9463.37
2019-11-01,9463.37
2019-11-02,9463.37
2019-11-03,9463.37
2019-11-04,9463.37
2019-11-05,9467.27
2019-11-06,9467.27
2019-11-07,9467.27
2019-11-08,9467.27
2019-11-09,9467.27
2019-11-10,9467.27
2019-11-11,9467.27
2019-11-12,9490.77
2019-11-13,9490.77
2019-11-14,9490.77
2019-11-15,9490.77
2019-11-16,9490.77
2019-11-17,9490.77
2019-11-18,9490.77
2019-11-19,9500.96
2019-11-20,9500.96
2019-11-21,9500.96
2019-11-22,9500.96
2019-11-23,9500.96
2019-11-24,9500.96
2019-11-25,9500.96
2019-11-26,9494.68
2019-11-27,9494.68
2019-11-28,9494.68
2019-11-29,9494.68
2019-11-30,9494.68
2019-12-01,9494.68
2019-12-02,9494.68
2019-12-03,9510.99
2019-12-04,9510.99
2019-12-05,9510.99
2019-12-06,9510.99
2019-12-07,9510.99
2019-12-08,9510.99
2019-12-09,9510.99
2019-12-10,9537.55
2019-12-11,9537.55
2019-12-12,9537.55
2019-12-13,9537.55
2019-12-14,9537.55
2019-12-15,9537.55
2019-12-16,9537.55
2019-12-17,9532.40
2019-12-18,9532.40
2019-12-19,9532.40
2019-12-20,9532.40
2019-12-21,9532.40
2019-12-22,9532.40
2019-12-23,9532.40
2019-12-24,9516.37
2019-12-25,9516.37
2019-12-26,9516.37
2019-12-27,9516.37
2019-12-28,9516.37
2019-12-29,9516.37
2019-12-30,9516.37
2019-12-31,9507.56
2020-01-01,9507.56
2020-01-02,9507.56
2020-01-03,9507.56
2020-01-04,9507.56
2020-01-05,9507.56
2020-01-06,9507.56
2020-01-07,9507.89
2020-01-08,9507.89
2020-01-09,9507.89
2020-01-10,9507.89
2020-01-11,9507.89
2020-01-12,9507.89
2020-01-13,9507.89
2020-01-14,9550.76
2020-01-15,9550.76
2020-01-16,9550.76
2020-01-17,9550.76
2020-01-18,9550.76
2020-01-19,9550.76
2020-01-20,9550.76
2020-01-21,9547.05
2020-01-22,9547.05
2020-01-23,9547.05
2020-01-24,9547.05
2020-01-25,9547.05
2020-01-26,9547.05
2020-01-27,9547.05
2020-01-28,9563.33
2020-01-29,9563.33
2020-01-30,9563.33
2020-01-31,9563.33
2020-02-01,9563.33
2020-02-02,9563.33
2020-02-03,9563.33
2020-02-04,9541.74
2020-02-05,9541.74
2020-02-06,9541.74
2020-02-07,9541.74
2020-02-08,9541.74
2020-02-09,9541.74
2020-02-10,9541.74
2020-02-11,9539.16
2020-02-12,9539.16
2020-02-13,9539.16
2020-02-14,9539.16
2020-02-15,9539.16
2020-02-16,9539.16
2020-02-17,9539.16
2020-02-18,9528.49
2020-02-19,9528.49
2020-02-20,9528.49
2020-02-21,9528.49
2020-02-22,9528.49
2020-02-23,9528.49
2020-02-24,9528.49
2020-02-25,9526.28
2020-02-26,9526.28
2020-02-27,9526.28
2020-02-28,9526.28
2020-02-29,9526.28
2020-03-01,9526.28
2020-03-02,9526.28
2020-03-03,9513.84
2020-03-04,9513.84
2020-03-05,9513.84
2020-03-06,9513.84
2020-03-07,9513.84
2020-03-08,9513.84
2020-03-09,9513.84
2020-03-10,9500.54
2020-03-11,9500.54
2020-03-12,9500.54
2020-03-13,9500.54
2020-03-14,9500.54
2020-03-15,9500.54
2020-03-16,9500.54
2020-03-17,9520.34
2020-03-18,9520.34
2020-03-19,9520.34
2020-03-20,9520.34
2020-03-21,9520.34
2020-03-22,9520.34
2020-03-23,9520.34
2020-03-24,9520.34
2020-03-25,9532.74
2020-03-26,9532.74
2020-03-27,9532.74
2020-03-28,9532.74
2020-03-29,9532.74
2020-03-30,9532.74
2020-03-31,9554.22
2020-04-01,9554.22
2020-04-02,9554.22
2020-04-03,9554.22
2020-04-04,9554.22
2020-04-05,9554.22
2020-04-06,9554.22
2020-04-07,9590.10
2020-04-08,9590.10
2020-04-09,9590.10
2020-04-10,9590.10
2020-04-11,9590.10
2020-04-12,9590.10
2020-04-13,9590.10
2020-04-14,9693.36
2020-04-15,9693.36
2020-04-16,10121.00
2020-04-17,10121.00
2020-04-18,10121.00
2020-04-19,10121.00
2020-04-20,10121.00
2020-04-21,10137.94
2020-04-22,10137.94
2020-04-23,10137.94
2020-04-24,10137.94
2020-04-25,10137.94
2020-04-26,10137.94
2020-04-27,10137.94
2020-04-28,10130.00
2020-04-29,10130.00
2020-04-30,10130.00
2020-05-01,10130.00
2020-05-02,10130.00
2020-05-03,10130.00
2020-05-04,10130.00
2020-05-05,10129.39
2020-05-06,10129.39
2020-05-07,10129.39
2020-05-08,10129.39
2020-05-09,10129.39
2020-05-10,10129.39
2020-05-11,10129.39
2020-05-12,10137.20
2020-05-13,10137.20
2020-05-14,10137.20
2020-05-15,10137.20
2020-05-16,10137.20
2020-05-17,10137.20
2020-05-18,10137.20
2020-05-19,10129.56
2020-05-20,10129.56
2020-05-21,10129.56
2020-05-22,10129.56
2020-05-23,10129.56
2020-05-24,10129.56
2020-05-25,10129.56
2020-05-26,10139.30
2020-05-27,10139.30
2020-05-28,10139.30
2020-05-29,10139.30
2020-05-30,10139.30
2020-05-31,10139.30
2020-06-01,10139.30
2020-06-02,10148.31
2020-06-03,10148.31
2020-06-04,10148.31
2020-06-05,10148.31
2020-06-06,10148.31
2020-06-07,10148.31
2020-06-08,10148.31
2020-06-09,10153.19
2020-06-10,10153.19
2020-06-11,10153.19
2020-06-12,10153.19
2020-06-13,10153.19
2020-06-14,10153.19
2020-06-15,10153.19
2020-06-16,10151.90
2020-06-17,10151.90
2020-06-18,10151.90
2020-06-19,10151.90
2020-06-20,10151.90
2020-06-21,10151.90
2020-06-22,10151.90
2020-06-23,10172.76
2020-06-24,10172.76
2020-06-25,10172.76
2020-06-26,10172.76
2020-06-27,10172.76
2020-06-28,10172.76
2020-06-29,10172.76
2020-06-30,10173.38
2020-07-01,10173.38
2020-07-02,10173.38
2020-07-03,10173.38
2020-07-04,10173.38
2020-07-05,10173.38
2020-07-06,10173.38
2020-07-07,10184.73
2020-07-08,10184.73
2020-07-09,10184.73
2020-07-10,10184.73
2020-07-11,10184.73
2020-07-12,10184.73
2020-07-13,10184.73
2020-07-14,10194.96
2020-07-15,10194.96
2020-07-16,10194.96
2020-07-17,10194.96
2020-07-18,10194.96
2020-07-19,10194.96
2020-07-20,10194.96
2020-07-21,10210.39
2020-07-22,10210.39
2020-07-23,10210.39
2020-07-24,10210.39
2020-07-25,10210.39
2020-07-26,10210.39
2020-07-27,10210.39
2020-07-28,10207.69
2020-07-29,10207.69
2020-07-30,10207.69
2020-07-31,10207.69
2020-08-01,10207.69
2020-08-02,10207.69
2020-08-03,10207.69
2020-08-04,10209.86
2020-08-05,10209.86
2020-08-06,10209.86
2020-08-07,10209.86
2020-08-08,10209.86
2020-08-09,10209.86
2020-08-10,10209.86
2020-08-11,10231.71
2020-08-12,10231.71
2020-08-13,10231.71
2020-08-14,10231.71
2020-08-15,10231.71
2020-08-16,10231.71
2020-08-17,10231.71
2020-08-18,10246.71
2020-08-19,10246.71
2020-08-20,10246.71
2020-08-21,10246.71
2020-08-22,10246.71
2020-08-23,10246.71
2020-08-24,10246.71
2020-08-25,10262.87
2020-08-26,10262.87
2020-08-27,10262.87
2020-08-28,10262.87
2020-08-29,10262.87
2020-08-30,10262.87
2020-08-31,10262.87
2020-09-01,10262.87
2020-09-02,10262.87
2020-09-03,10270.08
2020-09-04,10270.08
2020-09-05,10270.08
2020-09-06,10270.08
2020-09-07,10270.08
2020-09-08,10274.17
2020-09-09,10274.17
2020-09-10,10274.17
2020-09-11,10274.17
2020-09-12,10274.17
2020-09-13,10274.17
2020-09-14,10274.17
2020-09-15,10295.33
2020-09-16,10295.33
2020-09-17,10295.33
2020-09-18,10295.33
2020-09-19,10295.33
2020-09-20,10295.33
2020-09-21,10295.33
2020-09-22,10315.62
2020-09-23,10315.62
2020-09-24,10315.62
2020-09-25,10315.62
2020-09-26,10315.62
2020-09-27,10315.62
2020-09-28,10315.62
2020-09-29,10321.21
2020-09-30,10321.21
2020-10-01,10321.21
2020-10-02,10321.21
2020-10-03,10321.21
2020-10-04,10321.21
2020-10-05,10321.21
2020-10-06,10339.68
2020-10-07,10339.68
2020-10-08,10339.68
2020-10-09,10339.68
2020-10-10,10339.68
2020-10-11,10339.68
2020-10-12,10339.68
2020-10-13,10364.48
2020-10-14,10364.48
2020-10-15,10364.48
2020-10-16,10364.48
2020-10-17,10364.48
2020-10-18,10364.48
2020-10-19,10364.48
2020-10-20,10371.76
2020-10-21,10371.76
2020-10-22,10371.76
2020-10-23,10371.76
2020-10-24,10371.76
2020-10-25,10371.76
2020-10-26,10371.76
2020-10-27,10359.88
2020-10-28,10359.88
2020-10-29,10359.88
2020-10-30,10359.88
2020-10-31,10359.88
2020-11-01,10359.88
2020-11-02,10359.88
2020-11-03,10366.86
2020-11-04,10366.86
2020-11-05,10366.86
2020-11-06,10366.86
2020-11-07,10366.86
2020-11-08,10366.86
2020-11-09,10366.86
2020-11-10,10378.88
2020-11-11,10378.88
2020-11-12,10378.88
2020-11-13,10378.88
2020-11-14,10378.88
2020-11-15,10378.88
2020-11-16,10378.88
2020-11-17,10390.93
2020-11-18,10390.93
2020-11-19,10390.93
2020-11-20,10390.93
2020-11-21,10390.93
2020-11-22,10390.93
2020-11-23,10390.93
2020-11-24,10414.86
2020-11-25,10414.86
2020-11-26,10414.86
2020-11-27,10414.86
2020-11-28,10414.86
2020-11-29,10414.86
2020-11-30,10414.86
2020-12-01,10427.38
2020-12-02,10427.38
2020-12-03,10427.38
2020-12-04,10427.38
2020-12-05,10427.38
2020-12-06,10427.38
2020-12-07,10427.38
2020-12-08,10443.07
2020-12-09,10443.07
2020-12-10,10443.07
2020-12-11,10443.07
2020-12-12,10443.07
2020-12-13,10443.07
2020-12-14,10443.07
2020-12-15,10463.12
2020-12-16,10463.12
2020-12-17,10463.12
2020-12-18,10463.12
2020-12-19,10463.12
2020-12-20,10463.12
2020-12-21,10463.12
2020-12-22,10473.77
2020-12-23,10473.77
2020-12-24,10473.77
2020-12-25,10473.77
2020-12-26,10473.77
2020-12-27,10473.77
2020-12-28,10473.77
2020-12-29,10476.92
2020-12-30,10476.92
2020-12-31,10476.92
2021-01-01,10476.92
2021-01-02,10476.92
2021-01-03,10476.92
2021-01-04,10476.92
2021-01-05,10449.44
2021-01-06,10449.44
2021-01-07,10449.44
2021-01-08,10449.44
2021-01-09,10449.44
2021-01-10,10449.44
2021-01-11,10449.44
2021-01-12,10473.20
2021-01-13,10473.20
2021-01-14,10473.20
2021-01-15,10473.20
2021-01-16,10473.20
2021-01-17,10473.20
2021-01-18,10473.20
2021-01-19,10500.81
2021-01-20,10500.81
2021-01-21,10500.81
2021-01-22,10500.81
2021-01-23,10500.81
2021-01-24,10500.81
2021-01-25,10500.81
2021-01-26,10518.99
2021-01-27,10518.99
2021-01-28,10518.99
2021-01-29,10518.99
2021-01-30,10518.99
2021-01-31,10518.99
2021-02-01,10518.99
2021-02-02,10540.44
2021-02-03,10540.44
2021-02-04,10540.44
2021-02-05,10540.44
2021-02-06,10540.44
2021-02-07,10540.44
2021-02-08,10540.44
2021-02-09,10530.83
2021-02-10,10530.83
2021-02-11,10530.83
2021-02-12,10530.83
2021-02-13,10530.83
2021-02-14,10530.83
2021-02-15,10530.83
2021-02-16,10540.09
2021-02-17,10527.18
2021-02-18,10521.48
2021-02-19,10514.58
2021-02-20,10514.58
2021-02-21,10514.58
2021-02-22,10532.27
2021-02-23,10549.65
2021-02-24,10542.46
2021-02-25,10554.34
2021-02-26,10538.53
2021-02-27,10538.53
2021-02-28,10538.53
2021-03-01,10525.50
2021-03-02,10517.12
2021-03-03,10500.03
2021-03-04,10487.54
2021-03-05,10477.86
2021-03-06,10477.86
2021-03-07,10477.86
2021-03-08,10477.86
2021-03-09,10490.65
2021-03-10,10497.47
2021-03-11,10503.92
2021-03-12,10513.56
2021-03-13,10513.56
2021-03-14,10513.56
2021-03-15,10518.91
2021-03-16,10528.59
2021-03-17,10536.00
2021-03-18,10523.63
2021-03-19,10513.97
2021-03-20,10513.97
2021-03-21,10513.97
2021-03-22,10513.97
2021-03-23,10505.92
2021-03-24,10496.20
2021-03-25,10507.68
2021-03-26,10490.34
2021-03-27,10510.00
2021-03-28,10510.00
2021-03-29,10502.00
2021-03-30,10486.46
2021-03-31,10474.98
2021-04-01,10485.66
2021-04-02,10472.51
2021-04-03,10472.51
2021-04-04,10472.51
2021-04-05,10472.67
2021-04-06,10482.97
2021-04-07,10468.06
2021-04-08,10479.24
2021-04-09,10473.07
2021-04-10,10473.07
2021-04-11,10473.07
2021-04-12,10477.92
2021-04-13,10475.41
2021-04-14,10492.36
2021-04-15,10496.99
2021-04-16,10507.46
2021-04-17,10507.46
2021-04-18,10507.46
2021-04-19,10512.18
2021-04-20,10525.64
2021-04-21,10537.76
2021-04-22,10552.01
2021-04-23,10535.24
2021-04-24,10535.24
2021-04-25,10535.24
2021-04-26,10539.52
2021-04-27,10548.18
2021-04-28,10529.51
2021-04-29,10515.04
2021-04-30,10509.11
2021-05-01,10509.11
2021-05-02,10509.11
2021-05-03,10523.00
2021-05-04,10522.50
2021-05-05,10513.94
2021-05-06,10501.22
2021-05-07,10493.48
2021-05-08,10493.48
2021-05-09,10493.48
2021-05-10,10511.84
2021-05-11,10529.73
2021-05-12,10542.66
2021-05-13,10542.66
2021-05-14,10542.66
2021-05-15,10542.66
2021-05-16,10542.66
2021-05-17,10550.84
2021-05-18,10566.11
2021-05-19,10577.00
2021-05-20,10586.00
2021-05-21,10597.75
2021-05-22,10597.75
2021-05-23,10597.75
2021-05-24,10578.28
2021-05-25,10596.76
2021-05-26,10601.54
2021-05-27,10609.91
2021-05-28,10589.03
2021-05-29,10589.03
2021-05-30,10589.03
2021-05-31,10580.65
2021-06-01,10568.21
2021-06-02,10559.82
2021-06-03,10550.74
2021-06-04,10539.20
2021-06-05,10539.20
2021-06-06,10539.20
2021-06-07,10547.56
2021-06-08,10532.12
2021-06-09,10554.96
2021-06-10,10571.40
2021-06-11,10588.01
2021-06-12,10588.01
2021-06-13,10588.01
2021-06-14,10597.04
2021-06-15,10609.00
2021-06-16,10616.02
2021-06-17,10590.46
2021-06-18,10581.03
2021-06-19,10581.03
2021-06-20,10581.03
2021-06-21,10567.60
2021-06-22,10586.85
2021-06-23,10581.36
2021-06-24,10571.88
2021-06-25,10564.96
2021-06-26,10564.96
2021-06-27,10564.96
2021-06-28,10576.00
2021-06-29,10586.83
2021-06-30,10605.30
2021-07-01,10591.00
2021-07-02,10587.59
2021-07-03,10587.59
2021-07-04,10587.59
2021-07-05,10613.54
2021-07-06,10593.60
2021-07-07,10602.56
2021-07-08,10625.04
2021-07-09,10630.75
2021-07-10,10630.75
2021-07-11,10630.75
2021-07-12,10621.49
2021-07-13,10637.00
2021-07-14,10649.09
2021-07-15,10660.00
2021-07-16,10650.66
2021-07-17,10625.97
2021-07-18,10625.97
2021-07-19,10611.38
2021-07-20,10611.38
2021-07-21,10611.38
2021-07-22,10611.38
2021-07-23,10598.66
2021-07-24,10615.49
2021-07-25,10615.49
2021-07-26,10634.36
2021-07-27,10657.35
2021-07-28,10670.00
2021-07-29,10648.03
2021-07-30,10625.00
2021-07-31,10625.00
2021-08-01,10625.00
2021-08-02,10642.43
2021-08-03,10654.00
2021-08-04,10646.98
2021-08-05,10635.00
2021-08-06,10618.18
2021-08-07,10618.18
2021-08-08,10618.18
2021-08-09,10639.79
2021-08-10,10628.00
2021-08-11,10651.00
2021-08-12,10660.03
2021-08-13,10672.00
2021-08-14,10672.00
2021-08-15,10672.00
2021-08-16,10683.00
2021-08-17,10660.00
2021-08-18,10652.31
2021-08-19,10644.00
2021-08-20,10632.00
2021-08-21,10632.00
2021-08-22,10632.00
2021-08-23,10640.60
2021-08-24,10641.14
2021-08-25,10634.35
2021-08-26,10654.01
2021-08-27,10640.74
2021-08-28,10640.74
2021-08-29,10640.74
2021-08-30,10651.89
2021-08-31,10653.18
2021-09-01,10653.18
2021-09-02,10653.18
2021-09-03,10653.18
2021-09-04,10653.18
2021-09-05,10653.18
2021-09-06,10671.00
2021-09-07,10685.07
2021-09-08,10695.23
2021-09-09,10682.86
2021-09-10,10668.09
2021-09-11,10668.09
2021-09-12,10668.09
2021-09-13,10655.91
2021-09-14,10651.69
2021-09-15,10686.62
2021-09-16,10706.00
2021-09-17,10681.06
2021-09-18,10681.06
2021-09-19,10681.06
2021-09-20,10674.08
2021-09-21,10686.70
2021-09-22,10688.10
2021-09-23,10679.05
2021-09-24,10670.00
2021-09-25,10670.00
2021-09-26,10670.00
2021-09-27,10650.06
2021-09-28,10665.73
2021-09-29,10675.61
2021-09-30,10691.91
2021-10-01,10691.91
2021-10-02,10691.91
2021-10-03,10691.91
2021-10-04,10692.00
2021-10-05,10677.66
2021-10-06,10688.06
2021-10-07,10671.04
2021-10-08,10677.89
2021-10-09,10677.89
2021-10-10,10677.89
2021-10-11,10680.37
2021-10-12,10666.00
2021-10-13,10684.01
2021-10-14,10700.03
2021-10-15,10710.63
2021-10-16,10710.63
2021-10-17,10710.63
2021-10-18,10705.00
2021-10-19,10700.64
2021-10-20,10702.31
2021-10-21,10682.01
2021-10-22,10692.00
2021-10-23,10692.00
2021-10-24,10692.00
2021-10-25,10703.02
2021-10-26,10695.00
2021-10-27,10683.68
2021-10-28,10676.00
2021-10-29,10683.00
2021-10-30,10683.00
2021-10-31,10683.00
2021-11-01,10674.21
2021-11-02,10690.08
2021-11-03,10712.00
2021-11-04,10695.06
2021-11-05,10680.40
2021-11-06,10680.40
2021-11-07,10680.40
2021-11-08,10705.26
2021-11-09,10693.00
2021-11-10,10680.09
2021-11-11,10715.30
2021-11-12,10732.04
2021-11-13,10732.04
2021-11-14,10732.04
2021-11-15,10737.06
2021-11-16,10721.24
2021-11-17,10740.80
2021-11-18,10755.26
2021-11-19,10768.10
2021-11-20,10768.10
2021-11-21,10768.10
2021-11-22,10741.33
2021-11-23,10756.03
2021-11-24,10765.12
2021-11-25,10745.40
2021-11-26,10757.57
2021-11-27,10757.57
2021-11-28,10757.57
2021-11-29,10777.04
2021-11-30,10787.03
2021-12-01,10778.98
2021-12-02,10766.49
2021-12-03,10760.27
2021-12-04,10760.27
2021-12-05,10760.27
2021-12-06,10775.34
2021-12-07,10769.78
2021-12-08,10769.78
2021-12-09,10782.24
2021-12-10,10795.73
2021-12-11,10795.73
2021-12-12,10795.73
2021-12-13,10807.48
2021-12-14,10826.29
2021-12-15,10845.00
2021-12-16,10830.15
2021-12-17,10840.22
2021-12-18,10840.22
2021-12-19,10840.22
2021-12-20,10821.32
2021-12-21,10828.37
2021-12-22,10837.65
2021-12-23,10848.58
2021-12-24,10807.25
2021-12-25,10807.25
2021-12-26,10807.25
2021-12-27,10798.23
2021-12-28,10810.15
2021-12-29,10810.22
2021-12-30,10837.66
2021-12-31,10837.66
2022-01-01,10837.66
2022-01-02,10837.66
2022-01-03,10837.66
2022-01-04,10837.66
2022-01-05,10819.67
2022-01-06,10812.00
2022-01-07,10805.43
2022-01-08,10818.05
2022-01-09,10818.05
2022-01-10,10836.21
2022-01-11,10840.02
2022-01-12,10855.02
2022-01-13,10860.17
2022-01-14,10852.04
2022-01-15,10852.04
2022-01-16,10852.04
2022-01-17,10839.97
2022-01-18,10824.97
2022-01-19,10809.74
2022-01-20,10817.25
2022-01-21,10835.07
2022-01-22,10835.07
2022-01-23,10835.07
2022-01-24,10845.02
2022-01-25,10825.00
2022-01-26,10818.00
2022-01-27,10803.97
2022-01-28,10804.00
2022-01-29,10804.00
2022-01-30,10804.00
2022-01-31,10815.16
2022-02-01,10804.86
2022-02-02,10813.00
2022-02-03,10825.07
2022-02-04,10835.21
2022-02-05,10835.21
2022-02-06,10835.21
2022-02-07,10853.02
2022-02-08,10855.11
2022-02-09,10840.11
2022-02-10,10835.00
2022-02-11,10851.24
2022-02-12,10851.24
2022-02-13,10851.24
2022-02-14,10860.64
2022-02-15,10844.02
2022-02-16,10837.16
2022-02-17,10845.08
2022-02-18,10856.41
2022-02-19,10856.41
2022-02-20,10856.41
2022-02-21,10841.22
2022-02-22,10888.07
2022-02-23,10869.80
2022-02-24,10840.28
2022-02-25,10850.85
2022-02-26,10850.85
2022-02-27,10850.85
2022-02-28,10860.00
2022-03-01,10872.41
2022-03-02,10861.80
2022-03-03,10887.83
2022-03-04,10900.25
2022-03-05,10900.25
2022-03-06,10900.25
2022-03-07,10910.43
2022-03-08,10910.43
2022-03-09,10897.27
2022-03-10,10918.68
2022-03-11,10957.36
2022-03-12,10957.36
2022-03-13,10957.36
2022-03-14,10998.06
2022-03-15,11033.03
2022-03-16,11150.12
2022-03-17,11330.38
2022-03-18,11571.99
2022-03-19,11571.99
2022-03-20,11571.99
2022-03-21,11571.99
2022-03-22,11571.99
2022-03-23,11571.99
2022-03-24,11509.59
2022-03-25,11483.91
2022-03-26,11483.91
2022-03-27,11483.91
2022-03-28,11486.87
2022-03-29,11474.30
2022-03-30,11442.67
2022-03-31,11400.21
2022-04-01,11395.02
2022-04-02,11395.02
2022-04-03,11395.02
2022-04-04,11404.61
2022-04-05,11408.50
2022-04-06,11385.07
2022-04-07,11370.56
2022-04-08,11362.51
2022-04-09,11362.51
2022-04-10,11362.51
2022-04-11,11344.69
2022-04-12,11329.38
2022-04-13,11315.00
2022-04-14,11335.97
2022-04-15,11320.00
2022-04-16,11320.00
2022-04-17,11320.00
2022-04-18,11299.42
2022-04-19,11278.02
2022-04-20,11259.37
2022-04-21,11281.80
2022-04-22,11302.08
2022-04-23,11302.08
2022-04-24,11302.08
2022-04-25,11260.28
2022-04-26,11246.90
2022-04-27,11221.87
2022-04-28,11200.06
2022-04-29,11179.80
2022-04-30,11179.80
2022-05-01,11179.80
2022-05-02,11179.80
2022-05-03,11179.80
2022-05-04,11179.80
2022-05-05,11161.96
2022-05-06,11132.56
2022-05-07,11115.90
2022-05-08,11115.90
2022-05-09,11115.90
2022-05-10,11141.80
2022-05-11,11162.03
2022-05-12,11184.63
2022-05-13,11165.92
2022-05-14,11165.92
2022-05-15,11165.92
2022-05-16,11150.14
2022-05-17,11164.86
2022-05-18,11145.21
2022-05-19,11130.57
2022-05-20,11088.20
2022-05-21,11088.20
2022-05-22,11088.20
2022-05-23,11095.09
2022-05-24,11084.90
2022-05-25,11074.93
2022-05-26,11063.01
2022-05-27,11045.25
2022-05-28,11045.25
2022-05-29,11045.25
2022-05-30,11034.15
2022-05-31,11010.88
2022-06-01,10985.79
2022-06-02,10980.02
2022-06-03,10994.67
2022-06-04,10994.67
2022-06-05,10994.67
2022-06-06,11012.06
2022-06-07,11031.70
2022-06-08,11046.94
2022-06-09,11039.96
2022-06-10,11021.19
2022-06-11,11021.19
2022-06-12,11021.19
2022-06-13,11005.03
2022-06-14,10992.20
2022-06-15,10975.02
2022-06-16,10960.11
2022-06-17,10969.48
2022-06-18,10969.48
2022-06-19,10969.48
2022-06-20,10950.03
2022-06-21,10928.12
2022-06-22,10895.99
2022-06-23,10847.08
2022-06-24,10830.17
2022-06-25,10830.17
2022-06-26,10830.17
2022-06-27,10839.90
2022-06-28,10823.52
2022-06-29,10800.55
2022-06-30,10860.25
2022-07-01,10865.94
2022-07-02,10865.94
2022-07-03,10865.94
2022-07-04,10850.10
2022-07-05,10836.69
2022-07-06,10860.14
2022-07-07,10887.87
2022-07-08,10912.30
2022-07-09,10912.30
2022-07-10,10912.30
2022-07-11,10912.30
2022-07-12,10912.30
2022-07-13,10920.28
2022-07-14,10935.19
2022-07-15,10950.29
2022-07-16,10981.93
2022-07-17,10981.93
2022-07-18,10970.18
2022-07-19,10949.91
2022-07-20,10925.55
2022-07-21,10908.00
2022-07-22,10899.85
2022-07-23,10899.85
2022-07-24,10899.85
2022-07-25,10919.98
2022-07-26,10967.06
2022-07-27,10960.17
2022-07-28,10942.40
2022-07-29,10908.11
2022-07-30,10908.11
2022-07-31,10908.11
2022-08-01,10912.36
2022-08-02,10941.07
2022-08-03,10960.12
2022-08-04,10942.58
2022-08-05,10919.89
2022-08-06,10919.89
2022-08-07,10919.89
2022-08-08,10886.00
2022-08-09,10875.37
2022-08-10,10880.29
2022-08-11,10904.29
2022-08-12,10922.03
2022-08-13,10922.03
2022-08-14,10922.03
2022-08-15,10911.01
2022-08-16,10937.14
2022-08-17,10970.01
2022-08-18,10945.32
2022-08-19,10934.97
2022-08-20,10934.97
2022-08-21,10934.97
2022-08-22,10917.03
2022-08-23,10900.77
2022-08-24,10888.30
2022-08-25,10902.76
2022-08-26,10915.65
2022-08-27,10915.65
2022-08-28,10915.65
2022-08-29,10932.09
2022-08-30,10900.65
2022-08-31,10930.01
2022-09-01,10930.01
2022-09-02,10930.01
2022-09-03,10930.01
2022-09-04,10930.01
2022-09-05,10958.01
2022-09-06,10980.65
2022-09-07,10971.22
2022-09-08,10997.61
2022-09-09,10977.60
2022-09-10,10977.60
2022-09-11,10977.60
2022-09-12,10955.10
2022-09-13,10950.29
2022-09-14,10940.05
2022-09-15,10925.14
2022-09-16,10950.08
2022-09-17,10950.08
2022-09-18,10950.08
2022-09-19,10962.69
2022-09-20,10979.29
2022-09-21,10950.46
2022-09-22,10980.01
2022-09-23,11010.33
2022-09-24,11010.33
2022-09-25,11010.33
2022-09-26,11030.13
2022-09-27,11048.28
2022-09-28,11024.92
2022-09-29,10999.78
2022-09-30,11014.01
2022-10-01,11014.01
2022-10-02,11014.01
2022-10-03,11004.94
2022-10-04,10987.21
2022-10-05,11010.45
2022-10-06,11028.14
2022-10-07,11063.05
2022-10-08,11063.05
2022-10-09,11063.05
2022-10-10,11051.27
2022-10-11,11069.83
2022-10-12,11084.06
2022-10-13,11095.31
2022-10-14,11108.25
2022-10-15,11108.25
2022-10-16,11108.25
2022-10-17,11131.45
2022-10-18,11143.28
2022-10-19,11157.43
2022-10-20,11148.99
2022-10-21,11136.41
2022-10-22,11136.41
2022-10-23,11136.41
2022-10-24,11125.00
2022-10-25,11112.97
2022-10-26,11128.70
2022-10-27,11155.12
2022-10-28,11171.33
2022-10-29,11171.33
2022-10-30,11171.33
2022-10-31,11180.48
2022-11-01,11169.38
2022-11-02,11129.95
2022-11-03,11108.03
2022-11-04,11117.33
2022-11-05,11117.33
2022-11-06,11117.33
2022-11-07,11132.41
2022-11-08,11171.04
2022-11-09,11157.04
2022-11-10,11169.39
2022-11-11,11194.86
2022-11-12,11194.86
2022-11-13,11194.86
2022-11-14,11206.90
2022-11-15,11190.06
2022-11-16,11170.65
2022-11-17,11184.76
2022-11-18,11208.18
2022-11-19,11208.18
2022-11-20,11208.18
2022-11-21,11211.64
2022-11-22,11202.67
2022-11-23,11208.91
2022-11-24,11222.61
2022-11-25,11230.39
2022-11-26,11230.39
2022-11-27,11230.39
2022-11-28,11246.11
2022-11-29,11230.37
2022-11-30,11212.97
2022-12-01,11203.13
2022-12-02,11228.08
2022-12-03,11228.08
2022-12-04,11228.08
2022-12-05,11257.13
2022-12-06,11275.10
2022-12-07,11284.90
2022-12-08,11284.90
2022-12-09,11260.49
2022-12-10,11260.49
2022-12-11,11260.49
2022-12-12,11252.01
2022-12-13,11271.26
2022-12-14,11285.02
2022-12-15,11256.21
2022-12-16,11231.15
2022-12-17,11231.15
2022-12-18,11231.15
2022-12-19,11264.97
2022-12-20,11286.18
2022-12-21,11277.83
2022-12-22,11255.08
2022-12-23,11225.30
2022-12-24,11225.30
2022-12-25,11225.30
2022-12-26,11206.11
2022-12-27,11194.20
2022-12-28,11170.01
2022-12-29,11195.57
2022-12-30,11225.46
2022-12-31,11225.46
2023-01-01,11225.46
2023-01-02,11225.46
2023-01-03,11225.46
2023-01-04,11246.81
2023-01-05,11263.41
2023-01-06,11288.44
2023-01-07,11319.14
2023-01-08,11319.14
2023-01-09,11300.01
2023-01-10,11284.75
2023-01-11,11305.28
2023-01-12,11322.10
2023-01-13,11300.38
2023-01-14,11300.38
2023-01-15,11300.38
2023-01-16,11317.12
2023-01-17,11342.14
2023-01-18,11318.74
2023-01-19,11291.03
2023-01-20,11285.00
2023-01-21,11285.00
2023-01-22,11285.00
2023-01-23,11309.94
2023-01-24,11290.27
2023-01-25,11270.68
2023-01-26,11292.69
2023-01-27,11320.02
2023-01-28,11320.02
2023-01-29,11320.02
2023-01-30,11334.96
2023-01-31,11301.59
2023-02-01,11269.82
2023-02-02,11282.98
2023-02-03,11295.23
2023-02-04,11295.23
2023-02-05,11295.23
2023-02-06,11317.06
2023-02-07,11342.59
2023-02-08,11350.18
2023-02-09,11370.11
2023-02-10,11350.12
2023-02-11,11350.12
2023-02-12,11350.12
2023-02-13,11338.21
2023-02-14,11330.04
2023-02-15,11360.10
2023-02-16,11368.98
2023-02-17,11353.95
2023-02-18,11353.95
2023-02-19,11353.95
2023-02-20,11342.00
2023-02-21,11320.09
2023-02-22,11302.46
2023-02-23,11316.94
2023-02-24,11338.09
2023-02-25,11338.09
2023-02-26,11338.09
2023-02-27,11350.00
2023-02-28,11320.01
2023-03-01,11336.04
2023-03-02,11349.99
2023-03-03,11364.00
2023-03-04,11364.00
2023-03-05,11364.00
2023-03-06,11375.10
2023-03-07,11348.03
2023-03-08,11348.03
2023-03-09,11385.01
2023-03-10,11407.10
2023-03-11,11390.26
2023-03-12,11390.26
2023-03-13,11402.11
2023-03-14,11420.26
2023-03-15,11446.04
2023-03-16,11449.60
2023-03-17,11417.98
2023-03-18,11417.98
2023-03-19,11417.98
2023-03-20,11417.98
2023-03-21,11417.98
2023-03-22,11417.98
2023-03-23,11375.05
2023-03-24,11391.23
2023-03-25,11408.02
2023-03-26,11408.02
2023-03-27,11430.07
2023-03-28,11405.48
2023-03-29,11391.94
2023-03-30,11415.05
2023-03-31,11433.21
2023-04-01,11433.21
2023-04-02,11433.21
2023-04-03,11404.65
2023-04-04,11395.73
2023-04-05,11381.20
2023-04-06,11365.26
2023-04-07,11374.00
2023-04-08,11374.00
2023-04-09,11374.00
2023-04-10,11397.04
2023-04-11,11410.17
2023-04-12,11418.11
2023-04-13,11430.10
2023-04-14,11421.00
2023-04-15,11421.00
2023-04-16,11421.00
2023-04-17,11441.96
2023-04-18,11455.00
2023-04-19,11435.99
2023-04-20,11416.17
2023-04-21,11416.17
2023-04-22,11416.17
2023-04-23,11416.17
2023-04-24,11416.17
2023-04-25,11424.87
2023-04-26,11402.01
2023-04-27,11377.11
2023-04-28,11390.24
2023-04-29,11390.24
2023-04-30,11390.24
2023-05-01,11408.01
2023-05-02,11420.01
2023-05-03,11438.01
2023-05-04,11459.46
2023-05-05,11445.03
2023-05-06,11445.03
2023-05-07,11445.03
2023-05-08,11424.06
2023-05-09,11424.06
2023-05-10,11433.05
2023-05-11,11453.07
2023-05-12,11465.00
2023-05-13,11465.00
2023-05-14,11465.00
2023-05-15,11433.03
2023-05-16,11417.17
2023-05-17,11420.03
2023-05-18,11463.02
2023-05-19,11488.14
2023-05-20,11488.14
2023-05-21,11488.14
2023-05-22,11478.16
2023-05-23,11450.03
2023-05-24,11430.09
2023-05-25,11418.00
2023-05-26,11425.15
2023-05-27,11425.15
2023-05-28,11425.15
2023-05-29,11415.00
2023-05-30,11420.20
2023-05-31,11405.84
2023-06-01,11400.17
2023-06-02,11409.32
2023-06-03,11409.32
2023-06-04,11409.32
2023-06-05,11427.01
2023-06-06,11449.14
2023-06-07,11462.22
2023-06-08,11453.01
2023-06-09,11434.98
2023-06-10,11434.98
2023-06-11,11434.98
2023-06-12,11424.00
2023-06-13,11442.42
2023-06-14,11465.09
2023-06-15,11477.98
2023-06-16,11460.08
2023-06-17,11460.08
2023-06-18,11460.08
2023-06-19,11463.03
2023-06-20,11477.00
2023-06-21,11490.00
2023-06-22,11500.00
2023-06-23,11482.27
2023-06-24,11482.27
2023-06-25,11482.27
2023-06-26,11469.57
2023-06-27,11488.12
2023-06-28,11488.12
2023-06-29,11488.12
2023-06-30,11488.12
2023-07-01,11488.12
2023-07-02,11488.12
2023-07-03,11522.13
2023-07-04,11534.99
2023-07-05,11541.00
2023-07-06,11530.47
2023-07-07,11553.06
2023-07-08,11553.06
2023-07-09,11553.06
2023-07-10,11570.09
2023-07-11,11555.59
2023-07-12,11574.13
2023-07-13,11593.01
2023-07-14,11582.14
2023-07-15,11582.14
2023-07-16,11582.14
2023-07-17,11577.66
2023-07-18,11589.16
2023-07-19,11608.03
2023-07-20,11600.11
2023-07-21,11592.99
2023-07-22,11592.99
2023-07-23,11592.99
2023-07-24,11610.02
2023-07-25,11595.02
2023-07-26,11613.06
2023-07-27,11624.92
2023-07-28,11600.14
2023-07-29,11600.14
2023-07-30,11600.14
2023-07-31,11600.17
2023-08-01,11618.15
2023-08-02,11633.11
2023-08-03,11655.01
2023-08-04,11647.79
2023-08-05,11647.79
2023-08-06,11647.79
2023-08-07,11660.02
2023-08-08,11675.01
2023-08-09,11664.86
2023-08-10,11667.00
2023-08-11,12075.03
2023-08-12,12075.03
2023-08-13,12075.03
2023-08-14,12041.88
2023-08-15,12062.04
2023-08-16,12074.99
2023-08-17,12089.00
2023-08-18,12066.19
2023-08-19,12066.19
2023-08-20,12066.19
2023-08-21,12078.01
2023-08-22,12100.02
2023-08-23,12089.93
2023-08-24,12067.55
2023-08-25,12049.02
2023-08-26,12049.02
2023-08-27,12049.02
2023-08-28,12070.10
2023-08-29,12072.21
2023-08-30,12084.84
2023-08-31,12089.97
2023-09-01,12089.97
2023-09-02,12089.97
2023-09-03,12089.97
2023-09-04,12102.00
2023-09-05,12118.07
2023-09-06,12129.99
2023-09-07,12142.11
2023-09-08,12137.16
2023-09-09,12137.16
2023-09-10,12137.16
2023-09-11,12147.25
2023-09-12,12163.53
2023-09-13,12180.00
2023-09-14,12162.04
2023-09-15,12154.02
2023-09-16,12154.02
2023-09-17,12154.02
2023-09-18,12174.99
2023-09-19,12160.39
2023-09-20,12168.04
2023-09-21,12178.10
2023-09-22,12190.01
2023-09-23,12190.01
2023-09-24,12190.01
2023-09-25,12212.07
2023-09-26,12206.13
2023-09-27,12195.10
2023-09-28,12183.01
2023-09-29,12175.07
2023-09-30,12175.07
2023-10-01,12175.07
2023-10-02,12175.07
2023-10-03,12200.12
2023-10-04,12216.01
2023-10-05,12207.92
2023-10-06,12198.12
2023-10-07,12198.12
2023-10-08,12198.12
2023-10-09,12189.81
2023-10-10,12180.05
2023-10-11,12200.22
2023-10-12,12216.09
2023-10-13,12229.01
2023-10-14,12229.01
2023-10-15,12229.01
2023-10-16,12217.85
2023-10-17,12201.05
2023-10-18,12195.07
2023-10-19,12206.93
2023-10-20,12231.01
2023-10-21,12231.01
2023-10-22,12231.01
2023-10-23,12210.00
2023-10-24,12218.04
2023-10-25,12199.93
2023-10-26,12195.13
2023-10-27,12210.08
2023-10-28,12210.08
2023-10-29,12210.08
2023-10-30,12228.05
2023-10-31,12219.23
2023-11-01,12234.42
2023-11-02,12249.00
2023-11-03,12240.01
2023-11-04,12240.01
2023-11-05,12240.01
2023-11-06,12254.00
2023-11-07,12270.00
2023-11-08,12280.08
2023-11-09,12297.01
2023-11-10,12288.04
2023-11-11,12288.04
2023-11-12,12288.04
2023-11-13,12270.11
2023-11-14,12281.14
2023-11-15,12289.98
2023-11-16,12282.00
2023-11-17,12270.10
2023-11-18,12270.10
2023-11-19,12270.10
2023-11-20,12280.00
2023-11-21,12277.42
2023-11-22,12270.07
2023-11-23,12289.03
2023-11-24,12304.98
2023-11-25,12304.98
2023-11-26,12304.98
2023-11-27,12296.16
2023-11-28,12310.04
2023-11-29,12315.00
2023-11-30,12297.88
2023-12-01,12280.01
2023-12-02,12280.01
2023-12-03,12280.01
2023-12-04,12300.09
2023-12-05,12272.00
2023-12-06,12289.40
2023-12-07,12305.17
2023-12-08,12305.17
2023-12-09,12305.17
2023-12-10,12305.17
2023-12-11,12311.98
2023-12-12,12327.01
2023-12-13,12349.00
2023-12-14,12367.00
2023-12-15,12358.03
2023-12-16,12358.03
2023-12-17,12358.03
2023-12-18,12377.49
2023-12-19,12386.68
2023-12-20,12371.70
2023-12-21,12389.97
2023-12-22,12369.84
2023-12-23,12369.84
2023-12-24,12369.84
2023-12-25,12357.11
2023-12-26,12347.63
2023-12-27,12354.83
2023-12-28,12350.16
2023-12-29,12338.77
2023-12-30,12338.77
2023-12-31,12338.77
2024-01-01,12338.77
2024-01-02,12338.77
2024-01-03,12352.86
2024-01-04,12345.12
2024-01-05,12341.54
2024-01-06,12355.16
2024-01-07,12355.16
2024-01-08,12384.00
2024-01-09,12390.08
2024-01-10,12397.04
2024-01-11,12418.03
2024-01-12,12416.00
2024-01-13,12416.00
2024-01-14,12416.00
2024-01-15,12401.88
2024-01-16,12409.01
2024-01-17,12415.05
2024-01-18,12427.00
2024-01-19,12420.15
2024-01-20,12420.15
2024-01-21,12420.15
2024-01-22,12407.00
2024-01-23,12418.01
2024-01-24,12435.00
2024-01-25,12421.76
2024-01-26,12412.00
2024-01-27,12412.00
2024-01-28,12412.00
2024-01-29,12400.00
2024-01-30,12424.00
2024-01-31,12430.05
2024-02-01,12420.24
2024-02-02,12433.00
2024-02-03,12433.00
2024-02-04,12433.00
2024-02-05,12448.01
2024-02-06,12469.89
2024-02-07,12484.00
2024-02-08,12458.02
2024-02-09,12464.91
2024-02-10,12464.91
2024-02-11,12464.91
2024-02-12,12460.00
2024-02-13,12469.65
2024-02-14,12480.04
2024-02-15,12486.06
2024-02-16,12497.01
2024-02-17,12497.01
2024-02-18,12497.01
2024-02-19,12489.92
2024-02-20,12480.14
2024-02-21,12475.51
2024-02-22,12495.03
2024-02-23,12508.00
2024-02-24,12508.00
2024-02-25,12508.00
2024-02-26,12490.00
2024-02-27,12480.90
2024-02-28,12500.01
2024-02-29,12484.94
2024-03-01,12496.80
2024-03-02,12496.80
2024-03-03,12496.80
2024-03-04,12514.45
2024-03-05,12525.01
2024-03-06,12526.39
2024-03-07,12510.86
2024-03-08,12510.86
2024-03-09,12510.86
2024-03-10,12510.86
2024-03-11,12503.11
2024-03-12,12513.01
2024-03-13,12534.01
2024-03-14,12546.02
2024-03-15,12567.01
2024-03-16,12567.01
2024-03-17,12567.01
2024-03-18,12570.00
2024-03-19,12559.86
2024-03-20,12561.87
2024-03-21,12561.87
2024-03-22,12561.87
2024-03-23,12561.87
2024-03-24,12561.87
2024-03-25,12575.00
2024-03-26,12597.07
2024-03-27,12590.00
2024-03-28,12600.14
2024-03-29,12620.09
2024-03-30,12620.09
2024-03-31,12620.09
2024-04-01,12628.05
2024-04-02,12645.00
2024-04-03,12633.52
2024-04-04,12668.00
2024-04-05,12680.07
2024-04-06,12680.07
2024-04-07,12680.07
2024-04-08,12685.08
2024-04-09,12675.88
2024-04-10,12675.88
2024-04-11,12675.88
2024-04-12,12675.88
2024-04-13,12664.23
2024-04-14,12664.23
2024-04-15,12667.00
2024-04-16,12654.57
2024-04-17,12671.84
2024-04-18,12694.96
2024-04-19,12697.00
2024-04-20,12697.00
2024-04-21,12697.00
2024-04-22,12690.00
2024-04-23,12711.00
2024-04-24,12705.00
2024-04-25,12689.97
2024-04-26,12640.21
2024-04-27,12640.21
2024-04-28,12640.21
2024-04-29,12662.01
2024-04-30,12620.01
2024-05-01,12610.17
2024-05-02,12632.22
2024-05-03,12670.05
2024-05-04,12670.05
2024-05-05,12670.05
2024-05-06,12675.00
2024-05-07,12648.12
2024-05-08,12683.99
2024-05-09,12683.99
2024-05-10,12695.00
2024-05-11,12695.00
2024-05-12,12695.00
2024-05-13,12718.08
2024-05-14,12699.85
2024-05-15,12710.95
2024-05-16,12727.96
2024-05-17,12720.00
2024-05-18,12720.00
2024-05-19,12720.00
2024-05-20,12694.87
2024-05-21,12687.70
2024-05-22,12708.86
2024-05-23,12724.72
2024-05-24,12712.88
2024-05-25,12712.88
2024-05-26,12712.88
2024-05-27,12704.68
2024-05-28,12679.99
2024-05-29,12650.09
2024-05-30,12640.87
2024-05-31,12619.83
2024-06-01,12619.83
2024-06-02,12619.83
2024-06-03,12599.85
2024-06-04,12614.95
2024-06-05,12665.03
2024-06-06,12676.03
2024-06-07,12659.97
2024-06-08,12659.97
2024-06-09,12659.97
2024-06-10,12646.87
2024-06-11,12634.92
2024-06-12,12598.05
2024-06-13,12621.01
2024-06-14,12614.80
2024-06-15,12614.80
2024-06-16,12614.80
2024-06-17,12614.80
2024-06-18,12614.80
2024-06-19,12627.02
2024-06-20,12643.91
2024-06-21,12639.81
2024-06-22,12639.81
2024-06-23,12639.81
2024-06-24,12625.18
2024-06-25,12599.92
2024-06-26,12586.41
2024-06-27,12580.27
2024-06-28,12555.16
2024-06-29,12555.16
2024-06-30,12555.16
2024-07-01,12557.67
2024-07-02,12585.01
2024-07-03,12571.90
2024-07-04,12584.05
2024-07-05,12600.05
2024-07-06,12600.05
2024-07-07,12600.05
2024-07-08,12603.72
2024-07-09,12618.26
2024-07-10,12630.03
2024-07-11,12632.88
2024-07-12,12655.02
2024-07-13,12655.02
2024-07-14,12655.02
2024-07-15,12635.27
2024-07-16,12607.62
2024-07-17,12586.03
2024-07-18,12587.94
2024-07-19,12601.08
2024-07-20,12601.08
2024-07-21,12601.08
2024-07-22,12610.04
2024-07-23,12593.04
2024-07-24,12584.28
2024-07-25,12625.04
2024-07-26,12634.00
2024-07-27,12634.00
2024-07-28,12634.00
2024-07-29,12599.83
2024-07-30,12574.38
2024-07-31,12541.04
2024-08-01,12544.11
2024-08-02,12574.88
2024-08-03,12574.88
2024-08-04,12574.88
2024-08-05,12581.86
2024-08-06,12594.85
2024-08-07,12615.97
2024-08-08,12640.01
2024-08-09,12651.98
2024-08-10,12651.98
2024-08-11,12651.98
2024-08-12,12643.00
2024-08-13,12630.96
2024-08-14,12619.96
2024-08-15,12622.77
2024-08-16,12650.05
2024-08-17,12650.05
2024-08-18,12650.05
2024-08-19,12658.00
2024-08-20,12640.93
2024-08-21,12625.21
2024-08-22,12645.01
2024-08-23,12677.04
2024-08-24,12677.04
2024-08-25,12677.04
2024-08-26,12688.08
2024-08-27,12669.65
2024-08-28,12652.19
2024-08-29,12673.94
2024-08-30,12625.01
2024-08-31,12625.01
2024-09-01,12625.01
2024-09-02,12625.01
2024-09-03,12625.01
2024-09-04,12640.04
2024-09-05,12650.26
2024-09-06,12707.95
2024-09-07,12707.95
2024-09-08,12707.95
2024-09-09,12700.10
2024-09-10,12681.79
2024-09-11,12686.71
2024-09-12,12715.07
2024-09-13,12741.76
2024-09-14,12741.76
2024-09-15,12741.76
2024-09-16,12749.75
2024-09-17,12729.48
2024-09-18,12732.56
2024-09-19,12739.95
2024-09-20,12724.84
2024-09-21,12724.84
2024-09-22,12724.84
2024-09-23,12729.83
2024-09-24,12747.29
2024-09-25,12754.83
2024-09-26,12757.65
2024-09-27,12736.48
2024-09-28,12736.48
2024-09-29,12736.48
2024-09-30,12715.42
2024-10-01,12715.42
2024-10-02,12739.99
2024-10-03,12757.94
2024-10-04,12741.02
2024-10-05,12741.02
2024-10-06,12741.02
2024-10-07,12775.02
2024-10-08,12794.88
2024-10-09,12787.03
2024-10-10,12778.00
2024-10-11,12768.30
2024-10-12,12768.30
2024-10-13,12768.30
2024-10-14,12780.14
2024-10-15,12803.05
2024-10-16,12793.03
2024-10-17,12777.06
2024-10-18,12803.06
2024-10-19,12803.06
2024-10-20,12803.06
2024-10-21,12815.13
2024-10-22,12805.09
2024-10-23,12817.85
2024-10-24,12827.90
2024-10-25,12816.11
2024-10-26,12816.11
2024-10-27,12816.11
2024-10-28,12808.39
2024-10-29,12794.92
2024-10-30,12784.97
2024-10-31,12774.34
2024-11-01,12780.09
2024-11-02,12780.09
2024-11-03,12780.09
2024-11-04,12795.02
2024-11-05,12790.12
2024-11-06,12774.98
2024-11-07,12786.98
2024-11-08,12809.05
2024-11-09,12809.05
2024-11-10,12809.05
2024-11-11,12822.98
2024-11-12,12803.81
2024-11-13,12793.38
2024-11-14,12808.03
2024-11-15,12800.13
2024-11-16,12800.13
2024-11-17,12800.13
2024-11-18,12812.30
2024-11-19,12825.01
2024-11-20,12844.00
2024-11-21,12855.93
2024-11-22,12844.21
2024-11-23,12844.21
2024-11-24,12844.21
2024-11-25,12829.07
2024-11-26,12814.78
2024-11-27,12820.47
2024-11-28,12848.38
2024-11-29,12865.05
2024-11-30,12865.05
2024-12-01,12865.05
2024-12-02,12852.00
2024-12-03,12838.33
2024-12-04,12825.43
2024-12-05,12813.04
2024-12-06,12837.10
2024-12-07,12837.10
2024-12-08,12837.10
2024-12-09,12837.10
2024-12-10,12861.25
2024-12-11,12874.02
2024-12-12,12865.66
2024-12-13,12860.09
2024-12-14,12880.00
2024-12-15,12880.00
2024-12-16,12892.97
2024-12-17,12874.86
2024-12-18,12869.90
2024-12-19,12861.83
2024-12-20,12875.06
2024-12-21,12875.06
2024-12-22,12875.06
2024-12-23,12893.07
2024-12-24,12902.00
2024-12-25,12909.80
2024-12-26,12928.27
2024-12-27,12920.48
2024-12-28,12920.48
2024-12-29,12920.48
2024-12-30,12920.48
2024-12-31,12920.48
2025-01-01,12920.48
2025-01-02,12920.48
2025-01-03,12904.91
2025-01-04,12915.18
2025-01-05,12915.18
2025-01-06,12942.01
2025-01-07,12930.11
2025-01-08,12948.10
2025-01-09,12962.98
2025-01-10,12940.44
2025-01-11,12940.44
2025-01-12,12940.44
2025-01-13,12957.00
2025-01-14,12972.08
2025-01-15,12971.00
2025-01-16,12962.01
2025-01-17,12955.26
2025-01-18,12955.26
2025-01-19,12955.26
2025-01-20,12967.00
2025-01-21,12975.09
2025-01-22,12984.44
2025-01-23,12990.00
2025-01-24,12979.13
2025-01-25,12979.13
2025-01-26,12979.13
2025-01-27,12969.05
2025-01-28,12963.27
2025-01-29,12974.98
2025-01-30,12968.34
2025-01-31,12957.01
2025-02-01,12957.01
2025-02-02,12957.01
2025-02-03,12975.05
2025-02-04,12985.01
2025-02-05,12998.91
2025-02-06,12985.32
2025-02-07,12969.84
2025-02-08,12969.84
2025-02-09,12969.84
2025-02-10,12957.00
2025-02-11,12971.93
2025-02-12,12979.99
2025-02-13,12989.07
2025-02-14,13003.95
2025-02-15,13003.95
2025-02-16,13003.95
2025-02-17,12993.15
2025-02-18,12981.25
2025-02-19,12970.19
2025-02-20,12950.03
2025-02-21,12929.92
2025-02-22,12929.92
2025-02-23,12929.92
2025-02-24,12916.18
2025-02-25,12899.91
2025-02-26,12884.62
2025-02-27,12879.95
2025-02-28,12877.37
2025-03-01,12877.37
2025-03-02,12877.37
2025-03-03,12890.07
2025-03-04,12897.20
2025-03-05,12903.33
2025-03-06,12900.37
2025-03-07,12918.36
2025-03-08,12918.36
2025-03-09,12918.36
2025-03-10,12918.36
2025-03-11,12940.11
2025-03-12,12931.94
2025-03-13,12920.00
2025-03-14,12938.11
2025-03-15,12938.11
2025-03-16,12938.11
2025-03-17,12953.20
2025-03-18,12943.39
2025-03-19,12935.68
2025-03-20,12926.51
2025-03-21,12926.51
2025-03-22,12926.51
2025-03-23,12926.51
2025-03-24,12940.58
2025-03-25,12947.07
2025-03-26,12929.37
2025-03-27,12909.19
2025-03-28,12913.19
2025-03-29,12913.19
2025-03-30,12913.19
2025-03-31,12913.19
2025-04-01,12937.16
2025-04-02,12925.20
2025-04-03,12915.00
2025-04-04,12920.44
2025-04-05,12920.44
2025-04-06,12920.44
2025-04-07,12947.20
2025-04-08,12966.38
2025-04-09,12960.38
2025-04-10,12973.31
2025-04-11,12968.38
2025-04-12,12968.38
2025-04-13,12968.38
2025-04-14,12980.33
2025-04-15,12969.56
2025-04-16,12980.89
2025-04-17,12994.59
2025-04-18,12964.43
2025-04-19,12964.43
2025-04-20,12964.43
2025-04-21,12938.20
2025-04-22,12909.64
2025-04-23,12878.96
2025-04-24,12890.43
2025-04-25,12927.17
2025-04-26,12927.17
2025-04-27,12927.17
2025-04-28,12957.14
2025-04-29,12948.10
2025-04-30,12933.16
2025-05-01,12920.16
2025-05-02,12900.00
2025-05-03,12900.00
2025-05-04,12900.00
2025-05-05,12915.07
2025-05-06,12938.01
2025-05-07,12924.92
2025-05-08,12910.15
2025-05-09,12910.15
2025-05-10,12910.15
2025-05-11,12910.15
2025-05-12,12880.35
2025-05-13,12895.55
2025-05-14,12935.27
2025-05-15,12980.16
2025-05-16,12965.34
2025-05-17,12965.34
2025-05-18,12965.34
2025-05-19,12917.10
2025-05-20,12858.15
2025-05-21,12892.91
2025-05-22,12937.93
2025-05-23,12904.51
2025-05-24,12904.51
2025-05-25,12904.51
2025-05-26,12915.90
2025-05-27,12939.93
2025-05-28,12886.90
2025-05-29,12831.13
2025-05-30,12768.26
2025-05-31,12768.26
2025-06-01,12768.26
2025-06-02,12790.43
2025-06-03,12834.61
2025-06-04,12857.35
2025-06-05,12831.81
2025-06-06,12831.81
2025-06-07,12831.81
2025-06-08,12831.81
2025-06-09,12777.52
2025-06-10,12712.05
2025-06-11,12674.37
2025-06-12,12646.56
2025-06-13,12705.79
2025-06-14,12705.79
2025-06-15,12705.79
2025-06-16,12760.21
2025-06-17,12715.13
2025-06-18,12668.14
2025-06-19,12618.63
2025-06-20,12559.26
2025-06-21,12559.26
2025-06-22,12559.26
2025-06-23,12496.94
2025-06-24,12410.99
2025-06-25,12456.25
2025-06-26,12531.78
2025-06-27,12586.41
2025-06-28,12586.41
2025-06-29,12586.41
2025-06-30,12654.13
2025-07-01,12694.97
2025-07-02,12676.11
2025-07-03,12591.71
2025-07-04,12557.56
2025-07-05,12557.56
2025-07-06,12557.56
2025-07-07,12606.73
2025-07-08,12676.73
2025-07-09,12712.09
2025-07-10,12653.32
2025-07-11,12634.34
2025-07-12,12634.34
2025-07-13,12634.34
2025-07-14,12615.07
2025-07-15,12699.14
2025-07-16,12778.12
2025-07-17,12758.36
2025-07-18,12658.19
2025-07-19,12658.19
2025-07-20,12658.19
2025-07-21,12578.21
2025-07-22,12603.52
2025-07-23,12704.02
2025-07-24,12762.53
2025-07-25,12653.48
2025-07-26,12653.48
2025-07-27,12653.48
2025-07-28,12581.73
2025-07-29,12514.34
2025-07-30,12500.01
2025-07-31,12591.57
2025-08-01,12692.42
2025-08-02,12692.42
2025-08-03,12692.42
2025-08-04,12725.16
2025-08-05,12621.29
2025-08-06,12524.89
2025-08-07,12502.99
2025-08-08,12593.77
2025-08-09,12593.77
2025-08-10,12593.77
2025-08-11,12672.81
2025-08-12,12589.35
2025-08-13,12509.83
2025-08-14,12497.75
2025-08-15,12581.97
2025-08-16,12581.97
2025-08-17,12581.97
2025-08-18,12547.38
2025-08-19,12497.19
2025-08-20,12524.92
2025-08-21,12466.44
2025-08-22,12413.79
2025-08-23,12413.79
2025-08-24,12413.79
2025-08-25,12357.09
2025-08-26,12305.80
2025-08-27,12354.65
2025-08-28,12412.98
2025-08-29,12482.38
2025-08-30,12482.38
2025-08-31,12482.38
2025-09-01,12482.38
2025-09-02,12460.70
2025-09-03,12422.90
2025-09-04,12374.55
2025-09-05,12437.15
2025-09-06,12437.15
2025-09-07,12437.15
2025-09-08,12520.78
2025-09-09,12439.41
2025-09-10,12355.14
2025-09-11,12360.86
2025-09-12,12447.35
2025-09-13,12447.35
2025-09-14,12447.35
2025-09-15,12426.83
2025-09-16,12344.61
2025-09-17,12285.16
2025-09-18,12254.27
2025-09-19,12314.71
2025-09-20,12314.71
2025-09-21,12314.71
2025-09-22,12349.87
2025-09-23,12257.13
2025-09-24,12171.03
2025-09-25,12219.08
2025-09-26,12199.71
2025-09-27,12199.71
2025-09-28,12199.71
2025-09-29,12138.67
2025-09-30,12067.76
2025-10-01,12067.76
2025-10-02,12084.10
2025-10-03,12099.72
2025-10-04,12099.72
2025-10-05,12099.72
2025-10-06,12060.48
2025-10-07,12022.90
2025-10-08,12038.68
2025-10-09,12072.03
2025-10-10,12123.38
2025-10-11,12123.38
2025-10-12,12123.38
2025-10-13,12140.91
2025-10-14,12149.55
2025-10-15,12185.11
2025-10-16,12233.67
2025-10-17,12160.99
2025-10-18,12160.99
2025-10-19,12160.99
2025-10-20,12108.24
2025-10-21,12060.15
2025-10-22,12011.02
2025-10-23,12101.29
2025-10-24,12129.33
2025-10-25,12129.33
2025-10-26,12129.33
2025-10-27,12117.35
2025-10-28,12053.46
2025-10-29,12004.47
2025-10-30,11990.53
2025-10-31,12025.22
2025-11-01,12025.22
2025-11-02,12025.22
2025-11-03,12005.09
2025-11-04,11972.34
2025-11-05,11950.63
2025-11-06,11970.67
2025-11-07,12022.92
2025-11-08,12022.92
2025-11-09,12022.92
2025-11-10,12060.27
2025-11-11,12014.94
2025-11-12,11990.00
2025-11-13,11972.35
2025-11-14,11985.10
2025-11-15,11985.10
2025-11-16,11985.10
2025-11-17,12039.61
2025-11-18,12009.92
2025-11-19,11940.70
2025-11-20,11910.93
2025-11-21,11914.67
2025-11-22,11914.67
2025-11-23,11914.67
2025-11-24,11971.40
2025-11-25,11988.32
2025-11-26,11936.89
2025-11-27,11881.60
2025-11-28,11902.30
2025-11-29,11902.30
2025-11-30,11902.30
2025-12-01,11940.95
2025-12-02,11895.57
2025-12-03,11880.93
2025-12-04,11912.38
2025-12-05,11963.23
2025-12-06,11963.23
2025-12-07,11963.23
2025-12-08,11963.23
2025-12-09,11990.09
2025-12-10,12003.18
2025-12-11,12020.90
2025-12-12,12047.45
2025-12-13,12047.45
2025-12-14,12047.45
2025-12-15,12097.93
2025-12-16,12130.01
2025-12-17,12105.56
2025-12-18,12059.78
2025-12-19,12021.61
2025-12-20,12021.61
2025-12-21,12021.61
2025-12-22,11996.14
2025-12-23,12010.43
2025-12-24,12052.33
2025-12-25,12067.60
2025-12-26,12078.47
2025-12-27,12078.47
2025-12-28,12078.47
2025-12-29,12057.32
2025-12-30,12025.33
2025-12-31,12025.33
