date,actual,forecast
2024-04-28,12640.21,12639.007532074827
2024-04-29,12662.01,12641.884914546323
2024-04-30,12620.01,12662.610018037703
2024-05-01,12610.17,12613.698109109955
2024-05-02,12632.22,12605.17448683496
2024-05-10,12695.0,12637.036771710362
2024-05-11,12695.0,12705.512478358192
2024-05-12,12695.0,12696.973222527882
2024-05-13,12718.08,12691.164450924636
2024-05-14,12699.85,12721.042853123661
2024-05-15,12710.95,12702.514007500882
2024-05-16,12727.96,12713.287601177124
2024-05-17,12720.0,12730.7305270121
2024-05-18,12720.0,12717.56308579198
2024-05-19,12720.0,12717.206522821696
2024-05-20,12694.87,12720.877590053424
2024-05-21,12687.7,12694.559450238736
2024-05-22,12708.86,12686.993857074507
2024-05-23,12724.72,12710.572355842363
2024-05-24,12712.88,12725.344452976073
2024-05-25,12712.88,12709.886866793899
2024-05-26,12712.88,12712.375376500122
2024-05-27,12704.68,12716.000497935112
2024-05-28,12679.99,12705.963955911393
2024-05-29,12650.09,12676.171916596204
2024-05-30,12640.87,12643.308828502466
2024-05-31,12619.83,12637.214696930077
2024-06-01,12619.83,12617.648140688954
2024-06-02,12619.83,12619.222902092382
2024-06-03,12599.85,12619.865023047596
2024-06-04,12614.95,12596.43948821032
2024-06-05,12665.03,12614.461682887344
2024-06-06,12676.03,12671.861762779252
2024-06-07,12659.97,12680.02484216284
2024-06-08,12659.97,12657.936619720083
2024-06-09,12659.97,12660.060591746358
2024-06-10,12646.87,12662.2351362761
2024-06-11,12634.92,12645.988990124431
2024-06-12,12598.05,12631.571639097367
2024-06-13,12621.01,12592.01286436997
2024-06-14,12614.8,12621.356194764568
2024-06-15,12614.8,12616.483611486334
2024-06-16,12614.8,12613.842051087693
2024-06-17,12614.8,12614.272982770584
2024-06-18,12614.8,12614.63142370763
2024-06-19,12627.02,12615.092939584914
2024-06-20,12643.91,12628.746292441936
2024-06-21,12639.81,12646.474008621239
2024-06-22,12639.81,12639.725617652397
2024-06-23,12639.81,12639.204951140784
2024-06-24,12625.18,12640.62697132533
2024-06-25,12599.92,12624.470956278425
2024-06-26,12586.41,12596.51921533253
2024-06-27,12580.27,12583.29464752504
2024-06-28,12555.16,12578.470412922563
2024-06-29,12555.16,12551.294556167486
2024-06-30,12555.16,12553.14371117254
2024-07-01,12557.67,12555.461694602007
2024-07-02,12585.01,12557.846704291744
2024-07-03,12571.9,12587.800918627536
2024-07-04,12584.05,12571.604945522253
2024-07-05,12600.05,12584.290409925077
2024-07-06,12600.05,12603.60020988504
2024-07-07,12600.05,12601.501918412465
2024-07-08,12603.72,12599.761586308923
2024-07-09,12618.26,12603.952036047902
2024-07-10,12630.03,12620.125672511429
2024-07-11,12632.88,12632.210125191508
2024-07-12,12655.02,12633.702245192646
2024-07-13,12655.02,12657.706176571372
2024-07-14,12655.02,12656.740868682738
2024-07-15,12635.27,12655.103100772327
2024-07-16,12607.62,12633.550457629288
2024-07-17,12586.03,12603.888144434806
2024-07-18,12587.94,12582.520696775497
2024-07-19,12601.08,12586.824775703544
2024-07-20,12601.08,12601.565504812754
2024-07-21,12601.08,12600.131960101093
2024-07-22,12610.04,12600.356119817132
2024-07-23,12593.04,12612.25631963196
2024-07-24,12584.28,12593.312269454327
2024-07-25,12625.04,12582.724846608815
2024-07-26,12634.0,12628.575264277986
2024-07-27,12634.0,12635.898076804098
2024-07-28,12634.0,12632.725327588127
2024-07-29,12599.83,12634.7945381729
2024-07-30,12574.38,12598.543879492561
2024-07-31,12541.04,12571.363307923091
2024-08-01,12544.11,12535.979743842809
2024-08-02,12574.88,12540.717370498925
2024-08-03,12574.88,12576.520085812994
2024-08-04,12574.88,12575.060319041353
2024-08-05,12581.86,12574.805658268635
2024-08-06,12594.85,12584.847489704896
2024-08-07,12615.97,12598.625519554798
2024-08-08,12640.01,12618.706691233445
2024-08-09,12651.98,12641.841673602017
2024-08-10,12651.98,12653.089193971113
2024-08-11,12651.98,12653.192563172192
2024-08-12,12643.0,12654.355212843555
2024-08-13,12630.96,12643.98932137368
2024-08-14,12619.96,12628.91802141525
2024-08-15,12622.77,12616.44115118375
2024-08-16,12650.05,12621.219274638726
2024-08-17,12650.05,12653.321757230882
2024-08-18,12650.05,12652.060011512862
2024-08-19,12658.0,12650.069240781757
2024-08-20,12640.93,12659.379860500425
2024-08-21,12625.21,12639.777104323328
2024-08-22,12645.01,12622.338221504451
2024-08-23,12677.04,12646.607741097452
2024-08-24,12677.04,12681.691882571233
2024-08-25,12677.04,12677.529832515313
2024-08-26,12688.08,12676.079694490962
2024-08-27,12669.65,12690.555707953525
2024-08-28,12652.19,12669.928215666434
2024-08-29,12673.94,12649.671906066711
2024-08-30,12625.01,12675.104562175653
2024-08-31,12625.01,12619.647152247922
2024-09-01,12625.01,12621.070295096675
2024-09-02,12625.01,12626.281604485726
2024-09-03,12625.01,12625.688303366758
2024-09-04,12640.04,12624.526682864205
2024-09-05,12650.26,12640.727453419775
2024-09-06,12707.95,12651.678238949267
2024-09-07,12707.95,12715.057336752381
2024-09-08,12707.95,12711.646443721274
2024-09-09,12700.1,12707.731880475818
2024-09-10,12681.79,12700.347524198209
2024-09-11,12686.71,12680.523259044614
2024-09-12,12715.07,12686.602154837941
2024-09-13,12741.76,12717.846576217456
2024-09-14,12741.76,12744.622499248988
2024-09-15,12741.76,12741.804172658043
2024-09-16,12749.75,12742.361388467396
2024-09-17,12729.48,12753.17871386436
2024-09-18,12732.56,12729.21082249397
2024-09-19,12739.95,12731.055068726131
2024-09-20,12724.84,12739.557144762595
2024-09-21,12724.84,12722.252605065916
2024-09-22,12724.84,12724.136742846176
2024-09-23,12729.83,12726.491927873853
2024-09-24,12747.29,12731.262964570924
2024-09-25,12754.83,12748.858576618873
2024-09-26,12757.65,12755.146916039865
2024-09-27,12736.48,12757.462435828329
2024-09-28,12736.48,12735.097671462887
2024-09-29,12736.48,12737.122144069806
2024-09-30,12715.42,12737.77468123598
2024-10-01,12715.42,12712.02419988821
2024-10-02,12739.99,12712.430243791874
2024-10-03,12757.94,12742.389489210691
2024-10-04,12741.02,12761.78449724054
2024-10-05,12741.02,12740.228738954858
2024-10-06,12741.02,12740.36097326917
2024-10-07,12775.02,12741.954092375658
2024-10-08,12794.88,12778.964094681418
2024-10-09,12787.03,12798.046307260029
2024-10-10,12778.0,12785.568066099939
2024-10-11,12768.3,12776.627150604027
2024-10-12,12768.3,12768.95066172173
2024-10-13,12768.3,12769.615372013213
2024-10-14,12780.14,12767.902018427521
2024-10-15,12803.05,12779.359084784954
2024-10-16,12793.03,12804.730955106781
2024-10-17,12777.06,12793.1613343292
2024-10-18,12803.06,12775.999160592099
2024-10-19,12803.06,12807.216096012851
2024-10-20,12803.06,12804.93584354509
2024-10-21,12815.13,12800.808809588736
2024-10-22,12805.09,12814.982276310851
2024-10-23,12817.85,12805.082066346793
2024-10-24,12827.9,12820.242313096533
2024-10-25,12816.11,12831.053474125069
2024-10-26,12816.11,12814.610430517703
2024-10-27,12816.11,12814.044839470382
2024-10-28,12808.39,12816.019631970865
2024-10-29,12794.92,12808.274747489275
2024-10-30,12784.97,12793.738082427768
2024-10-31,12774.34,12783.393435266904
2024-11-01,12780.09,12772.312865817647
2024-11-02,12780.09,12779.55344140591
2024-11-03,12780.09,12779.970044850334
2024-11-04,12795.02,12779.81319605239
2024-11-05,12790.12,12796.992630404327
2024-11-06,12774.98,12790.732967031989
2024-11-07,12786.98,12772.849451252154
2024-11-08,12809.05,12787.733085913158
2024-11-09,12809.05,12812.545891108364
2024-11-10,12809.05,12809.517012548673
2024-11-11,12822.98,12808.109682349135
2024-11-12,12803.81,12825.003808918891
2024-11-13,12793.38,12803.43100441901
2024-11-14,12808.03,12791.57395845512
2024-11-15,12800.13,12809.441130458667
2024-11-16,12800.13,12799.488934479903
2024-11-17,12800.13,12798.497495446525
2024-11-18,12812.3,12800.112862932581
2024-11-19,12825.01,12814.414349989602
2024-11-20,12844.0,12827.640247366046
2024-11-21,12855.93,12846.36244996873
2024-11-22,12844.21,12857.44424537444
2024-11-23,12844.21,12843.133848197138
2024-11-24,12844.21,12844.379448636151
2024-11-25,12829.07,12845.754551987018
2024-11-26,12814.78,12827.67442541627
2024-11-27,12820.47,12811.474946018841
2024-11-28,12848.38,12819.71897321745
2024-11-29,12865.05,12851.794123153813
2024-11-30,12865.05,12868.177259945896
2024-12-01,12865.05,12865.28047965668
2024-12-02,12852.0,12865.227191081756
2024-12-03,12838.33,12851.672048971113
2024-12-04,12825.43,12837.018611289803
2024-12-05,12813.04,12823.410935062959
2024-12-06,12837.1,12810.324413860986
2024-12-07,12837.1,12838.44219080924
2024-12-08,12837.1,12837.921269908416
2024-12-09,12837.1,12836.622125464213
2024-12-10,12861.25,12837.678669714387
2024-12-11,12874.02,12864.915905278396
2024-12-12,12865.66,12876.839341210387
2024-12-13,12860.09,12864.201993521896
2024-12-14,12880.0,12858.468334868412
2024-12-15,12880.0,12883.017511836912
2024-12-16,12892.97,12882.073688337765
2024-12-17,12874.86,12893.961103048538
2024-12-18,12869.9,12872.698181679822
2024-12-19,12861.83,12868.034206632068
2024-12-20,12875.06,12861.724224022746
2024-12-21,12875.06,12876.953832074514
2024-12-22,12875.06,12875.45587080363
2024-12-23,12893.07,12873.669904719367
2024-12-24,12902.0,12894.571183343307
2024-12-25,12909.8,12904.48527571353
2024-12-26,12928.27,12911.663802660853
2024-12-27,12920.48,12931.075278151537
2024-12-28,12920.48,12920.377885762471
2024-12-29,12920.48,12919.64933171065
2024-12-30,12920.48,12920.887084781696
2024-12-31,12920.48,12920.994684796258
2025-01-01,12920.48,12920.538071761377
2025-01-02,12920.48,12920.108630453644
2025-01-03,12904.91,12920.120253398358
2025-01-04,12915.18,12903.152085543192
2025-01-05,12915.18,12915.916924754298
2025-01-06,12942.01,12916.25492941212
2025-01-07,12930.11,12944.523488420766
2025-01-08,12948.1,12929.40898190948
2025-01-09,12962.98,12948.866149745176
2025-01-10,12940.44,12966.580834720051
2025-01-11,12940.44,12939.237227773365
2025-01-12,12940.44,12939.355883099528
2025-01-13,12957.0,12940.884175920195
2025-01-14,12972.08,12958.514733969665
2025-01-15,12971.0,12973.872320030137
2025-01-16,12962.01,12970.901329830353
2025-01-17,12955.26,12961.143932636585
2025-01-18,12955.26,12955.347991179762
2025-01-19,12955.26,12956.027955531934
2025-01-20,12967.0,12954.98506618353
2025-01-21,12975.09,12966.988067025028
2025-01-22,12984.44,12975.631562412893
2025-01-23,12990.0,12985.909717607143
2025-01-24,12979.13,12992.033165331033
2025-01-25,12979.13,12978.981906104638
2025-01-26,12979.13,12978.716601623453
2025-01-27,12969.05,12978.962522473219
2025-01-28,12963.27,12967.31641803999
2025-01-29,12974.98,12961.814152809493
2025-01-30,12968.34,12976.469012783602
2025-01-31,12957.01,12968.54345680553
2025-02-01,12957.01,12954.970535600636
2025-02-02,12957.01,12956.297558881899
2025-02-03,12975.05,12957.29331603031
2025-02-04,12985.01,12977.066569230608
2025-02-05,12998.91,12986.6918149021
2025-02-06,12985.32,13000.350516940853
2025-02-07,12969.84,12984.45742297227
2025-02-08,12969.84,12968.038562436672
2025-02-09,12969.84,12970.394929182936
2025-02-10,12957.0,12970.326154633285
2025-02-11,12971.93,12954.406098583353
2025-02-12,12979.99,12971.741569351168
2025-02-13,12989.07,12981.651773840824
2025-02-14,13003.95,12990.864240897254
2025-02-15,13003.95,13006.595831359538
2025-02-16,13003.95,13004.810305983681
2025-02-17,12993.15,13003.614824201375
2025-02-18,12981.25,12992.005248661702
2025-02-19,12970.19,12979.747174806755
2025-02-20,12950.03,12968.881807643811
2025-02-21,12929.92,12947.358648587078
2025-02-22,12929.92,12926.430245429723
2025-02-23,12929.92,12928.643598472992
2025-02-24,12916.18,12929.828094198048
2025-02-25,12899.91,12914.170066996165
2025-02-26,12884.62,12897.121118841125
2025-02-27,12879.95,12882.58223924357
2025-02-28,12877.37,12879.298117847538
2025-03-01,12877.37,12876.753402363958
2025-03-02,12877.37,12876.331132543379
2025-03-03,12890.07,12876.575660043536
2025-03-04,12897.2,12891.523191228896
2025-03-05,12903.33,12899.25973644117
2025-03-06,12900.37,12904.610068494288
2025-03-07,12918.36,12900.249638585747
2025-03-08,12918.36,12920.112609053456
2025-03-09,12918.36,12919.304344283333
2025-03-10,12918.36,12918.143528706261
2025-03-11,12940.11,12918.628127363087
2025-03-12,12931.94,12942.986748953925
2025-03-13,12920.0,12932.120676420724
2025-03-14,12938.11,12917.52619065196
2025-03-15,12938.11,12939.803730294407
2025-03-16,12938.11,12939.702558940176
2025-03-17,12953.2,12937.768130889974
2025-03-18,12943.39,12954.621960771414
2025-03-19,12935.68,12942.977156069643
2025-03-20,12926.51,12934.306859114227
2025-03-21,12926.51,12925.776987064117
2025-03-22,12926.51,12926.514624657719
2025-03-23,12926.51,12926.304244756762
2025-03-24,12940.58,12925.673354397662
2025-03-25,12947.07,12941.62742215781
2025-03-26,12929.37,12948.698257793834
2025-03-27,12909.19,12927.975094005338
2025-03-28,12913.19,12906.521051419919
2025-03-29,12913.19,12913.439845988012
2025-03-30,12913.19,12913.491491123124
2025-03-31,12913.19,12911.983430769056
2025-04-01,12937.16,12912.240914775059
2025-04-02,12925.2,12940.077725606126
2025-04-03,12915.0,12925.886905561796
2025-04-04,12920.44,12913.496865917652
2025-04-05,12920.44,12920.98471946877
2025-04-06,12920.44,12920.692655401515
2025-04-07,12947.2,12919.718034170039
2025-04-08,12966.38,12949.68002078832
2025-04-09,12960.38,12969.918611803036
2025-04-10,12973.31,12960.52332674233
2025-04-11,12968.38,12974.736976529852
2025-04-12,12968.38,12969.306725006018
2025-04-13,12968.38,12968.27810297415
2025-04-14,12980.33,12968.206702840249
2025-04-15,12969.56,12981.261616221524
2025-04-16,12980.89,12968.64042816596
2025-04-17,12994.59,12981.466986396917
2025-04-18,12964.43,12997.319613012674
2025-04-19,12964.43,12961.670247792148
2025-04-20,12964.43,12962.68640926455
2025-04-21,12938.2,12965.294409233591
2025-04-22,12909.64,12935.177170931218
2025-04-23,12878.96,12904.690261796453
2025-04-24,12890.43,12874.314047968324
2025-04-25,12927.17,12890.735133981407
2025-04-26,12927.17,12931.82034655224
2025-04-27,12927.17,12927.18404732039
2025-04-28,12957.14,12925.610216441366
2025-04-29,12948.1,12961.608469051815
2025-04-30,12933.16,12950.527549450246
2025-05-01,12920.16,12931.51506001149
2025-05-02,12900.0,12917.659024313289
2025-05-03,12900.0,12896.900356882048
2025-05-04,12900.0,12899.079695211973
2025-05-05,12915.07,12900.880735088343
2025-05-06,12938.01,12916.490284061081
2025-05-07,12924.92,12940.381039616825
2025-05-08,12910.15,12923.613091988062
2025-05-09,12910.15,12907.727637151673
2025-05-10,12910.15,12910.906385582735
2025-05-11,12910.15,12911.34894740481
2025-05-12,12880.35,12909.454044948863
2025-05-13,12895.55,12875.492407327143
2025-05-14,12935.27,12895.714285530623
2025-05-15,12980.16,12942.43001769206
2025-05-16,12965.34,12987.481176060826
2025-05-17,12965.34,12964.240857175218
2025-05-18,12965.34,12962.375305949912
2025-05-19,12917.1,12967.182935603361
2025-05-20,12858.15,12914.312994676973
2025-05-21,12892.91,12849.274310754747
2025-05-22,12937.93,12893.968258321152
2025-05-23,12904.51,12943.751945444685
2025-05-24,12904.51,12899.515093442029
2025-05-25,12904.51,12901.500184697532
2025-05-26,12915.9,12906.3242634883
2025-05-27,12939.93,12919.781037840572
2025-05-28,12886.9,12942.901780065335
2025-05-29,12831.13,12878.942080951938
2025-05-30,12768.26,12820.754547575762
2025-05-31,12768.26,12760.890973181678
2025-06-01,12768.26,12769.29141514816
2025-06-02,12790.43,12768.665936627274
2025-06-03,12834.61,12788.909779593654
2025-06-04,12857.35,12837.433671529167
2025-06-05,12831.81,12861.135217468198
2025-06-06,12831.81,12832.117533132747
2025-06-07,12831.81,12834.558398766945
2025-06-08,12831.81,12833.78012687555
2025-06-09,12777.52,12829.65618418014
2025-06-10,12712.05,12767.384779132903
2025-06-11,12674.37,12700.951108098454
2025-06-12,12646.56,12670.605637270195
2025-06-13,12705.79,12645.255805959823
2025-06-14,12705.79,12712.988658421531
2025-06-15,12705.79,12707.956720602779
2025-06-16,12760.21,12703.963069858095
2025-06-17,12715.13,12766.812046860867
2025-06-18,12668.14,12711.692374866698
2025-06-19,12618.63,12660.035518281498
2025-06-20,12559.26,12611.013528168296
2025-06-21,12559.26,12552.32716824876
2025-06-22,12559.26,12556.697442275374
2025-06-23,12496.94,12559.396183928839
2025-06-24,12410.99,12490.728107089704
2025-06-25,12456.25,12398.341846133862
2025-06-26,12531.78,12459.987961252558
2025-06-27,12586.41,12545.89157432911
2025-06-28,12586.41,12593.020970571013
2025-06-29,12586.41,12585.655265725103
2025-06-30,12654.13,12588.698832182112
2025-07-01,12694.97,12669.804462145989
2025-07-02,12676.11,12707.473232229333
2025-07-03,12591.71,12672.396308276428
2025-07-04,12557.56,12574.93185449668
2025-07-05,12557.56,12550.248564416052
2025-07-06,12557.56,12560.904737683742
2025-07-07,12606.73,12559.886827910912
2025-07-08,12676.73,12611.871226313597
2025-07-09,12712.09,12688.432513495369
2025-07-10,12653.32,12717.726687964467
2025-07-11,12634.34,12642.788131521133
2025-07-12,12634.34,12630.507348222574
2025-07-13,12634.34,12637.122974951384
2025-07-14,12615.07,12634.635614336516
2025-07-15,12699.14,12610.660714968973
2025-07-16,12778.12,12711.354012791106
2025-07-17,12758.36,12790.558504876753
2025-07-18,12658.19,12755.847952013713
2025-07-19,12658.19,12641.379156602949
2025-07-20,12658.19,12661.855876749974
2025-07-21,12578.21,12659.49072422899
2025-07-22,12603.52,12562.77549651122
2025-07-23,12704.02,12605.77310882076
2025-07-24,12762.53,12723.289679765123
2025-07-25,12653.48,12766.08577344981
2025-07-26,12653.48,12632.5606567189
2025-07-27,12653.48,12660.818511701658
2025-07-28,12581.73,12654.81931538796
2025-07-29,12514.34,12563.819210622027
2025-07-30,12500.01,12507.488741610325
2025-07-31,12591.57,12505.605896986583
2025-08-01,12692.42,12598.842256099733
2025-08-02,12692.42,12701.695483628284
2025-08-03,12692.42,12695.30799180402
2025-08-04,12725.16,12691.68035797365
2025-08-05,12621.29,12726.921458382047
2025-08-06,12524.89,12594.005218733404
2025-08-07,12502.99,12511.127611853026
2025-08-08,12593.77,12503.921021117803
2025-08-09,12593.77,12594.718720304943
2025-08-10,12593.77,12580.746054582307
2025-08-11,12672.81,12609.676197270606
2025-08-12,12589.35,12685.376130724198
2025-08-13,12509.83,12574.928794445987
2025-08-14,12497.75,12498.36219901105
2025-08-15,12581.97,12499.53298444797
2025-08-16,12581.97,12597.229994161677
2025-08-17,12581.97,12579.349793245776
2025-08-18,12547.38,12579.803596379681
2025-08-19,12497.19,12542.457256398005
2025-08-20,12524.92,12490.498098624264
2025-08-21,12466.44,12531.817689757374
2025-08-22,12413.79,12458.133704725617
2025-08-23,12413.79,12406.911092440883
2025-08-24,12413.79,12417.03399755609
2025-08-25,12357.09,12415.029345698922
2025-08-26,12305.8,12348.302638034453
2025-08-27,12354.65,12317.24081439791
2025-08-28,12412.98,12365.206409452618
2025-08-29,12482.38,12421.129547129807
2025-08-30,12482.38,12489.771924914583
2025-08-31,12482.38,12478.532481405453
2025-09-01,12482.38,12480.677812057655
2025-09-02,12460.7,12482.603489262603
2025-09-03,12422.9,12457.276146705575
2025-09-04,12374.55,12417.73535907805
2025-09-05,12437.15,12368.800011827301
2025-09-06,12437.15,12449.656059684723
2025-09-07,12437.15,12436.152373720914
2025-09-08,12520.78,12435.301611097686
2025-09-09,12439.41,12533.599023043564
2025-09-10,12355.14,12424.19897084378
2025-09-11,12360.86,12343.706782387419
2025-09-12,12447.35,12366.078845497399
2025-09-13,12447.35,12462.568195278973
2025-09-14,12447.35,12443.56238812111
2025-09-15,12426.83,12445.420096379328
2025-09-16,12344.61,12423.530831474933
2025-09-17,12285.16,12332.693105374032
2025-09-18,12254.27,12280.075527859583
2025-09-19,12314.71,12254.202325070326
2025-09-20,12314.71,12327.967852668
2025-09-21,12314.71,12313.399690419867
2025-09-22,12349.87,12313.47322461144
2025-09-23,12257.13,12355.031987632043
2025-09-24,12171.03,12241.176307605616
2025-09-25,12219.08,12160.976704505396
2025-09-26,12199.71,12232.80036367854
2025-09-27,12199.71,12197.225918323838
2025-09-28,12199.71,12200.979385100722
2025-09-29,12138.67,12199.800862158998
2025-09-30,12067.76,12129.624911254074
2025-10-01,12067.76,12058.163147222904
2025-10-02,12084.1,12069.880944487119
2025-10-03,12099.72,12083.935171598203
2025-10-04,12099.72,12099.579876511996
2025-10-05,12099.72,12096.447245278336
2025-10-06,12060.48,12098.19936036147
2025-10-07,12022.9,12051.672126806381
2025-10-08,12038.68,12017.32585237217
2025-10-09,12072.03,12040.631859908624
2025-10-10,12123.38,12074.31645716898
2025-10-11,12123.38,12127.283563110746
2025-10-12,12123.38,12118.81814983216
2025-10-13,12140.91,12121.638487534403
2025-10-14,12149.55,12141.943465521093
2025-10-15,12185.11,12148.120598071282
2025-10-16,12233.67,12187.039303192361
2025-10-17,12160.99,12238.164486774156
2025-10-18,12160.99,12146.531514569366
2025-10-19,12160.99,12164.898555092017
2025-10-20,12108.24,12159.946053710135
2025-10-21,12060.15,12099.50023157978
2025-10-22,12011.02,12053.548710476043
2025-10-23,12101.29,12004.553939837724
2025-10-24,12129.33,12120.019858919142
2025-10-25,12129.33,12130.72482386731
2025-10-26,12129.33,12126.763248870568
2025-10-27,12117.35,12127.378151920904
2025-10-28,12053.46,12116.089073217956
2025-10-29,12004.47,12042.170544389337
2025-10-30,11990.53,11999.350792043864
2025-10-31,12025.22,11988.746198556815
2025-11-01,12025.22,12030.05062695349
2025-11-02,12025.22,12020.471874327219
2025-11-03,12005.09,12024.186908585438
2025-11-04,11972.34,11999.441438901054
2025-11-05,11950.63,11967.434479534137
2025-11-06,11970.67,11946.240361947555
2025-11-07,12022.92,11973.833647843245
2025-11-08,12022.92,12028.915993394734
2025-11-09,12022.92,12017.033426315505
2025-11-10,12060.27,12017.937154783313
2025-11-11,12014.94,12064.979843535459
2025-11-12,11990.0,12002.933844468958
2025-11-13,11972.35,11988.115060757835
2025-11-14,11985.1,11968.262057393487
2025-11-15,11985.1,11987.400562728508
2025-11-16,11985.1,11981.252188772878
2025-11-17,12039.61,11984.299018231433
2025-11-18,12009.92,12045.37242687598
2025-11-19,11940.7,12000.911353784779
2025-11-20,11910.93,11929.52901579591
2025-11-21,11914.67,11909.220306828818
2025-11-22,11914.67,11914.356552569807
2025-11-23,11914.67,11912.65839079424
2025-11-24,11971.4,11912.027178567649
2025-11-25,11988.32,11978.861286867916
2025-11-26,11936.89,11984.722813507233
2025-11-27,11881.6,11923.473292517623
2025-11-28,11902.3,11874.205910261358
2025-11-29,11902.3,11908.491873818853
2025-11-30,11902.3,11897.928082966468
2025-12-01,11940.95,11901.169421621991
2025-12-02,11895.57,11946.947717919113
2025-12-03,11880.93,11884.279182531965
2025-12-04,11912.38,11879.53645623693
2025-12-05,11963.23,11916.119665226277
2025-12-06,11963.23,11968.450265297011
2025-12-07,11963.23,11957.962401279825
2025-12-08,11963.23,11961.645250016843
2025-12-09,11990.09,11961.234633844417
2025-12-10,12003.18,11992.953257105582
2025-12-11,12020.9,12001.723920553988
2025-12-12,12047.45,12021.667698554169
2025-12-13,12047.45,12048.738513456738
2025-12-14,12047.45,12044.455075136428
2025-12-15,12097.93,12046.14585084287
2025-12-16,12130.01,12105.468055808295
2025-12-17,12105.56,12131.891628309657
2025-12-18,12059.78,12098.350954780977
2025-12-19,12021.61,12052.241672097069
2025-12-20,12021.61,12019.962358207611
2025-12-21,12021.61,12027.367234290703
2025-12-22,11996.14,12025.208174560525
2025-12-23,12010.43,11993.893517971417
2025-12-24,12052.33,12015.640583534747
2025-12-25,12067.6,12058.917004023138
2025-12-26,12078.47,12066.349635169012
2025-12-27,12078.47,12078.114902128287
2025-12-28,12078.47,12076.71228830915
2025-12-29,12057.32,12077.464930007078
2025-12-30,12025.33,12053.522099328504
2025-12-31,12025.33,12021.40473922023
